Time, X, Y, Z, Pitch, Yaw, Roll
12:45:31.9798 PM,0.4046592,2.182158,0.1699252,310.3286,16.09835,352.5018
12:45:31.9876 PM,0.4042292,2.181603,0.1689359,310.6799,16.307,352.6758
12:45:31.9998 PM,0.403807,2.180968,0.1677253,310.9376,16.43207,353.0472
12:45:32.0105 PM,0.4032742,2.180612,0.1667224,311.0945,16.51184,353.475
12:45:32.0209 PM,0.4026797,2.180278,0.1657273,311.1831,16.54479,353.7991
12:45:32.0327 PM,0.4021833,2.179929,0.1644899,311.1765,16.5449,353.8903
12:45:32.0434 PM,0.4015472,2.179671,0.1635978,311.0775,16.52068,353.8098
12:45:32.0550 PM,0.400411,2.1794,0.161984,310.559,16.47374,353.3539
12:45:32.0658 PM,0.4000646,2.179104,0.161078,310.5383,16.51106,353.3042
12:45:32.0766 PM,0.3988846,2.179119,0.15918,309.7839,16.69107,352.7283
12:45:32.0878 PM,0.3982382,2.179168,0.1580906,309.5276,16.52404,352.8363
12:45:32.0990 PM,0.3969962,2.178967,0.1566398,309.5913,16.43312,353.0834
12:45:32.1107 PM,0.3961942,2.178738,0.1557848,309.7863,16.47145,353.1346
12:45:32.1209 PM,0.3958062,2.178648,0.1554109,309.8526,16.49615,353.1241
12:45:32.1320 PM,0.3946957,2.178471,0.1537807,309.8926,16.53309,353.0915
12:45:32.1434 PM,0.3939333,2.178428,0.1530926,309.8799,16.59613,353.0372
12:45:32.1551 PM,0.393358,2.178119,0.1516188,310.0999,17.24365,352.5433
12:45:32.1668 PM,0.3927604,2.177976,0.151122,310.3307,17.33998,352.7439
12:45:32.1765 PM,0.39176,2.177871,0.1503511,310.4835,17.08062,353.2672
12:45:32.1878 PM,0.3913506,2.177866,0.1501923,310.5428,16.89723,353.5817
12:45:32.1991 PM,0.3894923,2.178,0.1486487,310.2623,16.05467,354.2599
12:45:32.2107 PM,0.3882906,2.178087,0.1479588,310.011,15.56999,354.4986
12:45:32.2210 PM,0.3880396,2.178266,0.1475128,309.8427,15.20012,354.6817
12:45:32.2332 PM,0.3867385,2.178399,0.146735,309.5515,14.67095,354.8449
12:45:32.2433 PM,0.3851749,2.178663,0.1459031,309.1078,14.07803,354.9334
12:45:32.2549 PM,0.3844557,2.178849,0.145471,308.8473,13.74853,355.0232
12:45:32.2657 PM,0.3837915,2.179171,0.1443091,308.4426,13.78744,354.9061
12:45:32.2769 PM,0.3830241,2.179566,0.1431597,307.9328,14.22073,354.8038
12:45:32.2877 PM,0.3821546,2.180187,0.1413539,307.2457,15.21379,354.8455
12:45:32.2989 PM,0.3818004,2.180839,0.139547,306.557,15.8253,354.9973
12:45:32.3106 PM,0.3811906,2.181657,0.1380513,305.678,16.36965,355.248
12:45:32.3213 PM,0.3803551,2.183243,0.1351527,304.0425,16.74741,355.9774
12:45:32.3320 PM,0.3797746,2.184553,0.1331676,302.5523,17.23886,356.3231
12:45:32.3439 PM,0.3791651,2.185919,0.1303187,300.8511,18.27294,355.7011
12:45:32.3551 PM,0.3789966,2.187629,0.1271949,298.7707,19.6581,354.2184
12:45:32.3655 PM,0.3785758,2.189222,0.124726,296.7925,20.38152,353.4626
12:45:32.3767 PM,0.3777892,2.19093,0.1215423,294.6372,20.61713,353.2853
12:45:32.3879 PM,0.3773563,2.19271,0.1189631,292.4153,20.14564,353.8026
12:45:32.3992 PM,0.3759741,2.194345,0.1150364,290.0178,18.99642,355.0069
12:45:32.4098 PM,0.3753881,2.196213,0.112888,287.8612,17.27649,356.6331
12:45:32.4209 PM,0.4219946,2.040958,0.1595648,286.2538,15.58677,357.9018
12:45:32.4322 PM,0.4103548,2.035639,0.1519847,284.4657,14.15896,359.1904
12:45:32.4432 PM,0.40197,2.029982,0.1438462,282.8586,13.77507,359.5541
12:45:32.4549 PM,0.3912334,2.023371,0.1353279,281.3149,11.15562,1.904543
12:45:32.4658 PM,0.382142,2.016683,0.1272852,279.8445,6.744808,5.87199
12:45:32.4765 PM,0.3716733,2.011471,0.1209821,278.7056,0.7232916,11.59323
12:45:32.4877 PM,0.3604836,2.003808,0.1134075,278.3382,349.5797,22.56875
12:45:32.4990 PM,0.3490649,1.997748,0.1077631,278.3643,339.3419,32.79311
12:45:32.5107 PM,0.338407,1.988676,0.1008547,277.7556,329,43.04683
12:45:32.5209 PM,0.3258498,1.981642,0.09462904,278.4072,319.2813,52.59295
12:45:32.5320 PM,0.3135323,1.973205,0.08898623,279.1754,308.5168,63.23726
12:45:32.5434 PM,0.3019316,1.964619,0.08424529,280.2923,300.8284,70.71626
12:45:32.5551 PM,0.2904387,1.956855,0.08017848,281.4592,299.9586,71.12818
12:45:32.5658 PM,0.2791827,1.94899,0.07675152,282.5522,301.021,69.64566
12:45:32.5766 PM,0.2679628,1.939527,0.07232017,283.4929,298.8142,71.59638
12:45:32.5878 PM,0.2564309,1.931104,0.06777332,284.3246,300.2907,69.94067
12:45:32.6010 PM,0.2429543,1.920249,0.06218348,284.9355,299.5484,70.56558
12:45:32.6122 PM,0.2308301,1.911373,0.05713006,285.2493,298.6894,71.49216
12:45:32.6234 PM,0.2193746,1.901309,0.05254205,285.9008,296.9071,73.28875
12:45:32.6350 PM,0.2074689,1.890724,0.04780265,286.7249,294.9891,75.59338
12:45:32.6458 PM,0.1963817,1.880211,0.04339621,287.7453,293.3357,77.71478
12:45:32.6574 PM,0.1867155,1.870573,0.037691,288.518,291.8839,79.21368
12:45:32.6686 PM,0.1781651,1.86067,0.03180403,288.813,290.2929,80.32485
12:45:32.6797 PM,0.1703725,1.851577,0.02564069,288.401,288.1031,81.45728
12:45:32.6911 PM,0.1629648,1.84388,0.01986188,287.0797,285.2525,81.79562
12:45:32.7018 PM,0.1549487,1.835764,0.01512029,286.3573,283.019,81.88242
12:45:32.7129 PM,0.1465524,1.825942,0.01095992,286.0294,281.4813,80.96788
12:45:32.7237 PM,0.1377542,1.818011,0.007549785,285.9769,280.916,80.01082
12:45:32.7361 PM,0.1285951,1.808451,0.004642054,286.2753,281.2967,78.61536
12:45:32.7459 PM,0.1196124,1.799409,0.001159854,286.6364,281.1386,78.15937
12:45:32.7578 PM,0.1117043,1.790183,-0.001660787,286.7288,281.4354,77.50695
12:45:32.7686 PM,0.1029925,1.780646,-0.003569216,286.1364,281.349,77.89463
12:45:32.7797 PM,0.09605905,1.774046,-0.004237272,286.1829,281.2733,77.45734
12:45:32.7915 PM,0.08962132,1.766949,-0.004810683,286.1272,283.4597,73.86053
12:45:32.8022 PM,0.08301181,1.759107,-0.006564073,285.9627,285.455,70.48801
12:45:32.8134 PM,0.07678621,1.750628,-0.004780881,285.4622,293.7136,60.31891
12:45:32.8251 PM,0.06902643,1.743547,-0.003394276,285.2609,300.0634,53.55705
12:45:32.8355 PM,0.06096087,1.735862,-0.002729945,285.3163,305.2083,49.79815
12:45:32.8467 PM,0.05368897,1.72788,-0.00342574,285.5971,307.5856,48.21958
12:45:32.8578 PM,0.04669639,1.720305,-0.004252419,285.8214,309.7983,46.0867
12:45:32.8692 PM,0.04185297,1.712496,-0.004446067,286.0083,311.4406,44.17154
12:45:32.8810 PM,0.03703891,1.705632,-0.005041983,285.8005,314.2021,40.48137
12:45:32.8912 PM,0.03234236,1.698942,-0.005558196,284.8985,318.6802,34.90019
12:45:32.9024 PM,0.02655473,1.692151,-0.006195858,284.2427,322.5602,30.36801
12:45:32.9137 PM,0.02052696,1.685273,-0.007368319,283.5853,326.2668,26.22163
12:45:32.9254 PM,0.01335829,1.678487,-0.008312501,282.9987,330.3106,22.05103
12:45:32.9365 PM,0.004506271,1.67107,-0.008938603,282.5729,332.4753,20.33693
12:45:32.9476 PM,-0.003944285,1.663962,-0.009824682,282.5241,333.3035,19.6713
12:45:32.9578 PM,-0.01219502,1.65692,-0.01079581,282.6638,333.0523,19.75899
12:45:32.9700 PM,-0.02227699,1.647301,-0.0134248,282.7143,332.6151,20.50947
12:45:32.9807 PM,-0.03154365,1.64169,-0.01489143,282.7555,328.3108,25.34581
12:45:32.9915 PM,-0.01620351,1.64142,-0.01249949,283.0369,326.813,26.83075
12:45:33.0026 PM,-0.02400988,1.635205,-0.01409326,283.2674,327.1526,26.18384
12:45:33.0138 PM,-0.03183907,1.628113,-0.016093,283.7404,327.0983,25.33278
12:45:33.0250 PM,-0.03835522,1.623894,-0.01805256,284.0913,328.2658,23.2591
12:45:33.0356 PM,-0.04579701,1.618233,-0.01995952,284.1843,329.4256,21.54427
12:45:33.0469 PM,-0.05279505,1.613478,-0.02147969,284.0328,331.3067,19.24707
12:45:33.0585 PM,-0.05973073,1.608384,-0.02381292,284.0353,332.3394,17.80218
12:45:33.0692 PM,-0.06773867,1.603018,-0.02626419,283.8747,333.9528,15.62686
12:45:33.0809 PM,-0.07557763,1.597655,-0.02878688,283.7451,334.5029,14.5176
12:45:33.0915 PM,-0.08318706,1.592358,-0.03100409,283.6358,334.7858,13.71607
12:45:33.1023 PM,-0.09069869,1.587935,-0.03354444,283.5177,334.7819,13.19569
12:45:33.1135 PM,-0.09836479,1.583406,-0.03558576,283.426,335.0496,12.43444
12:45:33.1252 PM,-0.1049298,1.579007,-0.03668899,283.1959,335.2328,11.58589
12:45:33.1359 PM,-0.1119621,1.574208,-0.03855955,283.0302,336.101,9.986011
12:45:33.1476 PM,-0.1190343,1.569306,-0.04054152,282.8838,337.2212,8.173392
12:45:33.1587 PM,-0.1259131,1.564366,-0.04226013,282.6902,338.2623,6.540075
12:45:33.1688 PM,-0.132589,1.560791,-0.04276911,282.5937,339.4116,4.947655
12:45:33.1806 PM,-0.1393036,1.557225,-0.0440173,282.5203,340.6715,3.107466
12:45:33.1914 PM,-0.1444334,1.554151,-0.04367018,282.6452,343.7603,359.1734
12:45:33.2042 PM,-0.1508531,1.549933,-0.04442058,282.6974,347.7072,354.2556
12:45:33.2154 PM,-0.1560907,1.545935,-0.04451072,282.8224,352.3788,348.764
12:45:33.2266 PM,-0.1611531,1.541945,-0.04446174,283.1935,357.5401,342.8592
12:45:33.2378 PM,-0.1667849,1.537778,-0.04436538,283.8278,2.460219,337.3751
12:45:33.2496 PM,-0.1737151,1.532822,-0.0436933,284.7003,5.793117,333.9244
12:45:33.2598 PM,-0.1810436,1.527654,-0.04303207,285.526,5.917019,334.0005
12:45:33.2715 PM,-0.1883728,1.522833,-0.04238211,286.3884,5.290774,334.6522
12:45:33.2825 PM,-0.1958725,1.517765,-0.04154817,287.4158,3.930794,336.1067
12:45:33.2938 PM,-0.2034838,1.512574,-0.04058561,288.5197,2.080216,338.1554
12:45:33.3040 PM,-0.2108633,1.50725,-0.03971186,289.6151,0.2590459,340.2631
12:45:33.3157 PM,-0.2174992,1.502106,-0.03837095,290.7486,359.1053,341.6841
12:45:33.3264 PM,-0.2229947,1.497173,-0.03699191,291.9688,358.8823,341.9969
12:45:33.3376 PM,-0.2284417,1.49242,-0.03522722,293.2144,359.4631,341.3307
12:45:33.3487 PM,-0.2335601,1.487552,-0.03361868,294.4178,0.9814895,339.4947
12:45:33.3599 PM,-0.23899,1.482502,-0.03275483,295.3842,1.892758,338.1533
12:45:33.3706 PM,-0.2445538,1.478021,-0.03192901,296.1874,2.456986,336.907
12:45:33.3817 PM,-0.2504401,1.473518,-0.03086721,296.9013,2.630774,335.8373
12:45:33.3931 PM,-0.2559441,1.46928,-0.02948935,297.42,2.475353,334.6959
12:45:33.4049 PM,-0.2616335,1.465118,-0.02838995,298.1865,2.495433,333.9307
12:45:33.4155 PM,-0.267483,1.461402,-0.02686277,298.9047,2.415261,333.3227
12:45:33.4267 PM,-0.2740708,1.457693,-0.02479483,299.6395,1.841533,333.8807
12:45:33.4374 PM,-0.2806782,1.454083,-0.02313967,300.366,0.9077652,335.0269
12:45:33.4487 PM,-0.2873381,1.450357,-0.02146414,301.1216,359.5584,336.7
12:45:33.4599 PM,-0.2938931,1.446654,-0.02008737,301.9312,357.8344,338.6462
12:45:33.4705 PM,-0.3005587,1.442904,-0.0187872,302.7946,355.7906,340.7319
12:45:33.4818 PM,-0.3073312,1.439497,-0.01705769,303.66,352.933,343.6652
12:45:33.4931 PM,-0.3131956,1.436219,-0.01530987,304.537,350.9522,345.772
12:45:33.5048 PM,-0.3183171,1.432946,-0.0133775,305.4904,349.3618,347.5293
12:45:33.5156 PM,-0.3228622,1.429762,-0.01156936,306.4716,348.1152,348.8278
12:45:33.5268 PM,-0.3270254,1.426351,-0.01080368,307.3452,347.1526,349.6911
12:45:33.5374 PM,-0.3306247,1.423392,-0.009642802,307.8834,346.4299,350.204
12:45:33.5487 PM,-0.3336699,1.420756,-0.008894905,308.0781,345.8815,350.6161
12:45:33.5655 PM,-0.3367849,1.417648,-0.008262306,308.3102,345.3066,351.127
12:45:33.5706 PM,-0.3394455,1.414431,-0.007513102,308.5363,344.8274,351.6655
12:45:33.5819 PM,-0.342042,1.410794,-0.006175563,308.8335,344.4118,352.2287
12:45:33.5931 PM,-0.3442683,1.407024,-0.004857443,309.2522,344.0208,352.8026
12:45:33.6049 PM,-0.3461806,1.403148,-0.002811708,309.8829,343.6006,353.3978
12:45:33.6155 PM,-0.3475938,1.398692,-0.0003594086,310.7336,343.1959,353.9251
12:45:33.6264 PM,-0.348683,1.394386,0.001851223,311.5837,342.7964,354.3893
12:45:33.6377 PM,-0.3490351,1.390034,0.004565284,312.4367,342.5919,354.6485
12:45:33.6488 PM,-0.3490795,1.385791,0.007569253,313.3272,342.6698,354.6353
12:45:33.6605 PM,-0.3482332,1.38165,0.01061206,314.3315,343.4207,354.1454
12:45:33.6708 PM,-0.3475054,1.377335,0.01309522,315.1623,344.0022,353.9352
12:45:33.6826 PM,-0.3472194,1.372833,0.01565082,315.956,344.0105,354.0837
12:45:33.6932 PM,-0.3463861,1.369093,0.01776395,316.6544,344.8776,354.1332
12:45:33.7038 PM,-0.3458571,1.36583,0.02000309,317.0137,345.1769,354.8633
12:45:33.7155 PM,-0.3457651,1.36238,0.02304663,317.2669,344.8799,355.8565
12:45:33.7267 PM,-0.3451508,1.358667,0.02571543,317.8293,344.8209,356.3265
12:45:33.7378 PM,-0.34394,1.354277,0.03009395,318.5131,344.6911,356.3969
12:45:33.7496 PM,-0.3426351,1.350085,0.03435816,319.2501,344.8983,356.1201
12:45:33.7598 PM,-0.3415765,1.34594,0.03907665,320.052,345.2523,355.7843
12:45:33.7710 PM,-0.3404672,1.34195,0.04323117,320.822,345.4958,355.741
12:45:33.7826 PM,-0.3397154,1.338329,0.04820978,321.6528,345.692,355.8391
12:45:33.7938 PM,-0.3393929,1.336079,0.05446097,322.3633,345.2823,356.9398
12:45:33.8050 PM,-0.3381417,1.333073,0.05967068,322.9882,345.062,357.6271
12:45:33.8156 PM,-0.3363215,1.329643,0.06533105,323.693,345.034,357.9756
12:45:33.8265 PM,-0.3337402,1.32599,0.07198346,324.5848,345.309,357.894
12:45:33.8378 PM,-0.3308784,1.321717,0.07953479,325.6243,345.914,357.4026
12:45:33.8484 PM,-0.3276904,1.317475,0.08828072,327.0443,347.0705,356.4532
12:45:33.8596 PM,-0.3247788,1.313868,0.09610505,328.2481,347.8995,355.8902
12:45:33.8709 PM,-0.3222226,1.311028,0.1038167,329.4312,348.7112,355.446
12:45:33.8826 PM,-0.3201767,1.308643,0.1114065,330.4866,349.3159,355.3955
12:45:33.8935 PM,-0.3188708,1.308541,0.1181289,331.1339,349.5892,356.1868
12:45:33.9043 PM,-0.3170678,1.308358,0.1258333,331.6704,349.6105,356.9939
12:45:33.9155 PM,-0.3156472,1.308493,0.1341518,332.0845,349.3958,357.8679
12:45:33.9265 PM,-0.3139547,1.308934,0.1428186,332.4135,349.1017,358.6059
12:45:33.9378 PM,-0.3109264,1.309118,0.1527976,332.6806,349.0427,358.925
12:45:33.9495 PM,-0.307908,1.308701,0.1627075,333.141,349.2218,359.077
12:45:33.9608 PM,-0.3036683,1.310437,0.1726463,333.4285,350.1886,358.1183
12:45:33.9710 PM,-0.3003651,1.311301,0.1820546,333.7383,350.948,357.3439
12:45:33.9818 PM,-0.2969668,1.311724,0.1917997,334.2446,351.3015,357.3189
12:45:33.9931 PM,-0.2951308,1.316136,0.2001687,333.6611,351.8116,356.2249
12:45:34.0048 PM,-0.2925236,1.32031,0.2095812,333.0419,351.8373,356.1343
12:45:34.0154 PM,-0.290043,1.323403,0.2190255,332.7534,351.9608,356.3134
12:45:34.0266 PM,-0.2874018,1.326482,0.227461,332.6019,352.1222,356.6669
12:45:34.0378 PM,-0.2844051,1.330062,0.2362821,332.538,352.1815,357.1183
12:45:34.0489 PM,-0.2811756,1.333389,0.2459239,332.4019,352.2438,357.1813
12:45:34.0597 PM,-0.2774627,1.337013,0.2555976,332.2483,352.427,357.1182
12:45:34.0709 PM,-0.2743635,1.341004,0.2653511,332.07,352.7041,357.5118
12:45:34.0822 PM,-0.2718814,1.344763,0.2747655,331.9683,352.826,358.4089
12:45:34.0939 PM,-0.2686529,1.349008,0.2835661,331.8603,352.8354,359.2182
12:45:34.1042 PM,-0.2644691,1.352948,0.2926477,331.7516,352.8866,359.2539
12:45:34.1158 PM,-0.2598097,1.356937,0.3022363,331.5251,353.1559,358.3688
12:45:34.1265 PM,-0.2549152,1.360846,0.3114726,331.1649,353.7498,357.0628
12:45:34.1378 PM,-0.2508927,1.365016,0.3198735,330.5817,354.6863,355.8404
12:45:34.1489 PM,-0.2480789,1.369314,0.3289666,330.0988,355.0929,355.8485
12:45:34.1596 PM,-0.2460527,1.373474,0.3370409,329.7041,355.1421,356.4948
12:45:34.1708 PM,-0.2439562,1.377857,0.3445225,329.3513,354.8792,357.387
12:45:34.1822 PM,-0.24208,1.381505,0.3520395,329.0063,354.3533,358.0944
12:45:34.1940 PM,-0.2396876,1.384964,0.3603331,328.7696,353.7422,358.2752
12:45:34.2042 PM,-0.2371325,1.388578,0.3682915,328.5485,353.3705,358.2216
12:45:34.2158 PM,-0.2349607,1.390406,0.3766863,328.6777,352.9407,357.9772
12:45:34.2266 PM,-0.2335368,1.392945,0.3826542,328.8129,352.5886,358.5457
12:45:34.2379 PM,-0.2318139,1.395728,0.3888996,328.9062,352.0598,359.1336
12:45:34.2486 PM,-0.22993,1.398769,0.3958703,328.8001,351.799,359.3854
12:45:34.2604 PM,-0.2282916,1.400543,0.399838,329.0081,351.1199,359.2856
12:45:34.2717 PM,-0.226907,1.403139,0.4033007,328.9872,350.4176,359.2092
12:45:34.2818 PM,-0.2256603,1.405645,0.4076206,328.887,349.8856,359.4317
12:45:34.2941 PM,-0.2247133,1.407969,0.4093613,328.4672,349.0151,0.09333467
12:45:34.3043 PM,-0.2234401,1.409006,0.4111148,328.1509,348.1755,1.051495
12:45:34.3156 PM,-0.2220593,1.409706,0.4125193,328.0898,347.4095,2.086831
12:45:34.3267 PM,-0.2204185,1.409793,0.4131736,328.1335,346.7634,3.191181
12:45:34.3378 PM,-0.218133,1.409577,0.4137888,328.2519,346.2223,4.201128
12:45:34.3485 PM,-0.2155333,1.409181,0.414146,328.2475,345.7576,5.016451
12:45:34.3598 PM,-0.2114008,1.408002,0.4134051,327.8954,345.8507,5.197046
12:45:34.3715 PM,-0.2074595,1.406474,0.4128617,327.5188,346.1394,5.1761
12:45:34.3818 PM,-0.2036634,1.40459,0.4120619,327.0787,346.6252,5.054225
12:45:34.3931 PM,-0.2001616,1.401354,0.410089,326.6488,347.2009,4.957373
12:45:34.4043 PM,-0.1971349,1.397498,0.4079529,326.2385,347.7534,4.825532
12:45:34.4155 PM,-0.1952412,1.390806,0.4068596,325.8615,348.3476,3.709261
12:45:34.4268 PM,-0.1933554,1.385243,0.4057894,325.6683,348.5285,2.958532
12:45:34.4375 PM,-0.1956829,1.375934,0.405437,326.6021,347.7694,0.5960757
12:45:34.4487 PM,-0.1948939,1.369437,0.4041794,326.5512,347.7702,0.04077271
12:45:34.4595 PM,-0.1999572,1.357849,0.4016409,328.3987,345.0523,359.5051
12:45:34.4708 PM,-0.2016534,1.348413,0.3999782,329.7616,343.1746,0.1977937
12:45:34.4822 PM,-0.2008335,1.337638,0.3983064,331.6872,342.1088,2.718772
12:45:34.4939 PM,-0.2008487,1.327398,0.3964253,332.6271,341.6315,3.485363
12:45:34.5047 PM,-0.1992586,1.316039,0.3956378,334.0305,342.0753,4.906228
12:45:34.5154 PM,-0.1984274,1.304716,0.3937118,335.0839,342.0459,5.421253
12:45:34.5266 PM,-0.1976103,1.292576,0.3923292,336.3306,342.5311,5.484693
12:45:34.5377 PM,-0.1966437,1.279716,0.3907822,337.8159,343.4125,4.339473
12:45:34.5484 PM,-0.1959409,1.26724,0.3884012,339.0807,343.9829,3.413055
12:45:34.5598 PM,-0.1953707,1.254848,0.3860206,340.1695,344.634,2.530656
12:45:34.5710 PM,-0.1944064,1.242318,0.3835259,341.133,345.5035,1.749433
12:45:34.5817 PM,-0.1941308,1.22959,0.3802503,342.1066,346.4868,1.209493
12:45:34.5940 PM,-0.1950335,1.216323,0.3773583,343.153,347.2752,1.180789
12:45:34.6042 PM,-0.1959585,1.203181,0.3740617,344.3399,347.7253,1.526645
12:45:34.6158 PM,-0.1970027,1.189342,0.3709389,345.9054,347.681,2.159916
12:45:34.6265 PM,-0.1977478,1.176,0.3671282,347.2556,347.8586,2.144892
12:45:34.6378 PM,-0.1985071,1.161706,0.3631697,348.6617,348.0556,2.091827
12:45:34.6485 PM,-0.1996206,1.146903,0.3592747,350.3624,348.2408,2.068887
12:45:34.6598 PM,-0.200977,1.13187,0.3550725,352.4958,348.4453,2.099312
12:45:34.6715 PM,-0.2023834,1.120375,0.3477035,354.9426,348.6926,2.203504
12:45:34.6827 PM,-0.2037356,1.107008,0.3424254,357.4111,348.9182,2.322874
12:45:34.6939 PM,-0.204226,1.096022,0.3377487,359.4657,349.1721,2.218394
12:45:34.7047 PM,-0.2059801,1.085307,0.3333036,0.7668829,349.4523,1.8365
12:45:34.7154 PM,-0.2080056,1.074831,0.3273714,2.183569,349.6604,1.72242
12:45:34.7266 PM,-0.2119499,1.064852,0.3235705,3.005608,349.4748,1.519031
12:45:34.7380 PM,-0.2152576,1.055003,0.3178832,4.223578,349.4291,1.597218
12:45:34.7488 PM,-0.2185993,1.046183,0.313128,5.266349,349.412,2.004875
12:45:34.7605 PM,-0.222653,1.039219,0.306464,6.507331,349.4615,2.243017
12:45:34.7707 PM,-0.2277178,1.032604,0.3021841,7.200803,349.197,2.253916
12:45:34.7818 PM,-0.2324303,1.025805,0.2965405,8.0309,348.878,1.976801
12:45:34.7941 PM,-0.2364085,1.020162,0.2906342,8.632637,348.3623,1.577561
12:45:34.8042 PM,-0.2407852,1.014279,0.2850994,9.020283,347.7451,1.054863
12:45:34.8158 PM,-0.245321,1.008241,0.2801392,9.491776,347.1883,0.4501951
12:45:34.8267 PM,-0.2493421,1.002096,0.2755583,10.0071,346.7614,359.6261
12:45:34.8380 PM,-0.2538227,0.9954873,0.2709679,10.72635,346.5005,359.1845
12:45:34.8486 PM,-0.2581672,0.9906162,0.2657167,11.41441,346.194,358.9545
12:45:34.8595 PM,-0.2624852,0.9854122,0.2603751,12.05459,345.8528,358.8655
12:45:34.8707 PM,-0.2663796,0.9808622,0.254985,12.64686,345.5034,358.773
12:45:34.8820 PM,-0.2699681,0.9772484,0.249794,13.2144,345.2035,358.5719
12:45:34.8941 PM,-0.2736743,0.9763963,0.2434625,13.73182,345.0674,358.2345
12:45:34.9042 PM,-0.2772418,0.9737602,0.23919,14.15625,345.1375,357.7527
12:45:34.9155 PM,-0.2801664,0.9717585,0.2348469,14.39998,345.6552,357.2888
12:45:34.9266 PM,-0.2825662,0.9708741,0.2297253,14.72208,345.9168,357.1421
12:45:34.9377 PM,-0.2858066,0.9695784,0.2252262,14.95165,346.0719,357.447
12:45:34.9485 PM,-0.2896415,0.9689112,0.2206968,15.1497,346.0477,357.6038
12:45:34.9598 PM,-0.2931636,0.9675333,0.2169882,15.1874,345.9416,357.6104
12:45:34.9712 PM,-0.2966047,0.9664043,0.2135632,15.07687,345.8267,357.3603
12:45:34.9818 PM,-0.2999793,0.9661486,0.2098682,14.84907,345.769,356.777
12:45:34.9931 PM,-0.3037185,0.9651754,0.206356,14.57231,345.8049,356.0744
12:45:35.0045 PM,-0.3076003,0.9636594,0.2029645,14.38098,345.8364,355.5255
12:45:35.0157 PM,-0.3115062,0.9628565,0.1996112,14.26451,345.8379,355.2568
12:45:35.0264 PM,-0.3158785,0.9610521,0.1965195,14.15336,345.7746,355.3861
12:45:35.0377 PM,-0.3199576,0.9598081,0.1933008,14.14371,345.7305,355.3928
12:45:35.0499 PM,-0.3243847,0.9585544,0.18983,14.30511,345.5743,355.3956
12:45:35.0605 PM,-0.328906,0.9574088,0.1864878,14.43624,345.2961,355.1884
12:45:35.0714 PM,-0.3336674,0.9557989,0.1832664,14.63091,344.9256,354.9172
12:45:35.0826 PM,-0.3382537,0.9544904,0.1801647,14.83639,344.5084,354.6031
12:45:35.0938 PM,-0.3431085,0.952876,0.1767878,15.14734,344.0303,354.3853
12:45:35.1046 PM,-0.3479626,0.9513372,0.1737719,15.49839,343.4416,354.2964
12:45:35.1158 PM,-0.3522835,0.9497182,0.1708537,15.90187,342.8466,354.3391
12:45:35.1265 PM,-0.3567362,0.9481391,0.168204,16.18451,342.3893,354.2516
12:45:35.1377 PM,-0.3595883,0.9515682,0.1653223,16.32133,341.9966,354.2363
12:45:35.1494 PM,-0.3626148,0.9505308,0.1633051,16.39957,341.8393,353.9956
12:45:35.1607 PM,-0.3658929,0.9495422,0.1615867,16.48119,341.706,353.7051
12:45:35.1708 PM,-0.3689027,0.9482024,0.1598594,16.58966,341.5572,353.5805
12:45:35.1820 PM,-0.3714158,0.9471776,0.1584305,16.68236,341.5376,353.5128
12:45:35.1933 PM,-0.3719128,0.947751,0.1564893,16.79346,341.4824,353.4193
12:45:35.2039 PM,-0.3731818,0.947237,0.1552618,16.91304,341.6492,353.4107
12:45:35.2156 PM,-0.3752092,0.9464635,0.1541766,17.04625,341.7799,353.4187
12:45:35.2264 PM,-0.376897,0.9456123,0.1534339,17.14301,341.8707,353.3848
12:45:35.2377 PM,-0.3788937,0.9444538,0.1527956,17.18993,341.9378,353.3469
12:45:35.2489 PM,-0.380346,0.9446786,0.1522574,17.16249,341.9948,353.3874
12:45:35.2617 PM,-0.381916,0.9442055,0.1520105,17.11324,342.041,353.3476
12:45:35.2709 PM,-0.3834481,0.9435505,0.1517738,17.10969,342.0748,353.3409
12:45:35.2825 PM,-0.3844367,0.9439923,0.1519876,16.98179,342.1383,353.3926
12:45:35.2942 PM,-0.3851427,0.9465143,0.1517543,16.82583,342.4625,353.1909
12:45:35.3043 PM,-0.3861863,0.9471036,0.1518005,16.55632,342.7879,353.0039
12:45:35.3155 PM,-0.3870662,0.9476518,0.1520401,16.33565,342.9687,352.9171
12:45:35.3266 PM,-0.3882623,0.9477432,0.1524867,16.13427,343.1616,352.8878
12:45:35.3376 PM,-0.3893698,0.947898,0.1530518,15.88328,343.2999,352.9516
12:45:35.3489 PM,-0.3899604,0.9484053,0.1536004,15.71998,343.4193,352.8802
12:45:35.3600 PM,-0.3909499,0.9482289,0.1542294,15.59004,343.5383,352.8356
12:45:35.3706 PM,-0.3902987,0.9495807,0.1546603,15.47763,343.641,352.8643
12:45:35.3820 PM,-0.3907219,0.9499839,0.1553818,15.4484,343.7506,353.0459
12:45:35.3934 PM,-0.3909418,0.9504048,0.1561109,15.44284,343.8302,353.2301
12:45:35.4045 PM,-0.3911253,0.9505587,0.156895,15.39368,343.9191,353.3493
12:45:35.4156 PM,-0.3909332,0.9511531,0.1579035,15.4472,343.9895,353.472
12:45:35.4275 PM,-0.391099,0.9504286,0.1593288,15.40284,344.1386,353.4954
12:45:35.4377 PM,-0.3907283,0.9512594,0.1603414,15.29145,344.3438,353.5112
12:45:35.4488 PM,-0.3901483,0.9519392,0.1613512,15.1815,344.5923,353.5731
12:45:35.4620 PM,-0.3898886,0.9520557,0.1629051,15.05419,344.9365,353.6883
12:45:35.4707 PM,-0.3896265,0.9522249,0.1640647,14.93058,345.205,353.848
12:45:35.4829 PM,-0.3893117,0.9526826,0.165323,14.7551,345.4716,354.0153
12:45:35.4931 PM,-0.3888734,0.9530485,0.1666603,14.53988,345.7615,354.1065
12:45:35.5049 PM,-0.3879611,0.9538739,0.1679389,14.32252,346.0544,354.108
12:45:35.5156 PM,-0.386915,0.954809,0.169032,13.99936,346.4197,353.9714
12:45:35.5278 PM,-0.3868796,0.9583395,0.1693435,13.62777,346.6508,353.8839
12:45:35.5378 PM,-0.3852962,0.9586535,0.1703915,13.48712,347.0816,353.9006
12:45:35.5495 PM,-0.3849834,0.9595754,0.1712214,13.2667,347.3246,353.8401
12:45:35.5608 PM,-0.3846129,0.9598743,0.1720644,13.1267,347.5066,353.9714
12:45:35.5710 PM,-0.3839251,0.9607713,0.1730074,12.94814,347.6837,354.007
12:45:35.5826 PM,-0.3829933,0.9612742,0.1737863,12.81344,347.8795,354.0776
12:45:35.5935 PM,-0.3829958,0.9603188,0.1749784,12.69868,348.0856,354.1895
12:45:35.6047 PM,-0.3822416,0.9610862,0.1756551,12.53212,348.3108,354.2465
12:45:35.6158 PM,-0.3802599,0.9619514,0.1762329,12.47898,348.5626,354.386
12:45:35.6276 PM,-0.3792083,0.9624996,0.1767123,12.47421,348.7368,354.5089
12:45:35.6378 PM,-0.3784054,0.9632694,0.1772201,12.54009,348.9636,354.7802
12:45:35.6489 PM,-0.3776302,0.9641477,0.1777588,12.58144,349.1461,355.1289
12:45:35.6598 PM,-0.3766488,0.9645433,0.178664,12.59579,349.2684,355.5734
12:45:35.6715 PM,-0.3755275,0.9662313,0.1793302,12.48316,349.4427,356.0649
12:45:35.6826 PM,-0.3745447,0.9688429,0.179985,12.09338,349.7251,356.5802
12:45:35.6939 PM,-0.3734017,0.9708772,0.1809729,11.56017,350.0615,356.9077
12:45:35.7050 PM,-0.3719839,0.9728015,0.181417,10.99056,350.3661,356.9797
12:45:35.7156 PM,-0.3707497,0.9742111,0.1820441,10.47931,350.6465,356.9285
12:45:35.7268 PM,-0.3690349,0.9754841,0.1825253,10.01212,350.9539,356.6624
12:45:35.7375 PM,-0.367032,0.9766729,0.1828267,9.635463,351.2944,356.5182
12:45:35.7487 PM,-0.3644948,0.977836,0.1832851,9.247913,351.7535,356.2568
12:45:35.7599 PM,-0.3606788,0.979269,0.183426,9.077788,352.2999,356.4461
12:45:35.7715 PM,-0.3602844,0.9802527,0.1833338,8.923907,352.2462,356.8558
12:45:35.7827 PM,-0.3573522,0.9819984,0.1836965,8.814987,352.5215,357.4925
12:45:35.7940 PM,-0.3543238,0.9840274,0.1840943,8.340325,352.9217,357.8168
12:45:35.8047 PM,-0.3507269,0.9859955,0.1843926,7.745814,353.4289,357.9084
12:45:35.8158 PM,-0.3463651,0.9877849,0.1846919,6.856092,354.2858,357.5164
12:45:35.8266 PM,-0.3430351,0.9889428,0.1850153,6.260165,355.0968,357.1691
12:45:35.8379 PM,-0.3406786,0.9902302,0.1850967,5.664927,355.7949,356.9234
12:45:35.8485 PM,-0.3394291,0.9916058,0.185461,4.957451,356.0941,356.9593
12:45:35.8599 PM,-0.3375924,0.9937562,0.1855613,4.166469,356.0692,357.1805
12:45:35.8715 PM,-0.3351974,0.9956344,0.1851008,3.501858,356.3878,357.2994
12:45:35.8827 PM,-0.3326402,0.9968826,0.1862665,2.560246,356.3731,357.7635
12:45:35.8939 PM,-0.3312807,0.9964472,0.1873025,2.171101,356.4189,357.7971
12:45:35.9048 PM,-0.3304952,0.9971253,0.1875746,1.738898,356.3752,357.9366
12:45:35.9155 PM,-0.330741,0.9972761,0.1884117,1.385459,356.0091,358.2774
12:45:35.9266 PM,-0.3323926,0.9973037,0.1896844,0.8385617,355.2179,358.9045
12:45:35.9378 PM,-0.3332454,0.997709,0.1903274,0.2461273,354.5098,359.0384
12:45:35.9498 PM,-0.3342308,0.9969054,0.1919673,359.8333,353.3552,358.8226
12:45:35.9600 PM,-0.3351268,0.9961377,0.1933459,359.4731,352.6678,358.4482
12:45:35.9706 PM,-0.3364745,0.9961439,0.1943962,359.0852,351.8366,358.1071
12:45:35.9820 PM,-0.3378913,0.9962128,0.1956496,358.6795,351.0533,358.0666
12:45:35.9932 PM,-0.3396817,0.9957252,0.197408,358.3351,350.2307,358.1952
12:45:36.0048 PM,-0.3410268,0.9947367,0.1995419,358.0838,349.4796,358.4205
12:45:36.0155 PM,-0.341893,0.9941062,0.2015911,357.935,348.917,358.6514
12:45:36.0267 PM,-0.3424485,0.9933149,0.2036686,357.8381,348.5642,358.8314
12:45:36.0379 PM,-0.3428626,0.9930199,0.2056811,357.7083,348.3538,358.9647
12:45:36.0484 PM,-0.3436465,0.9927663,0.2076778,357.4695,348.0559,358.9917
12:45:36.0597 PM,-0.3444376,0.9922669,0.209959,357.1824,347.7466,358.9203
12:45:36.0710 PM,-0.3447642,0.9920042,0.2119763,356.7885,347.4609,358.4718
12:45:36.0826 PM,-0.3454676,0.9914455,0.2142852,356.447,347.1995,358.0791
12:45:36.0939 PM,-0.345993,0.990319,0.2165484,356.306,346.845,357.8923
12:45:36.1042 PM,-0.3458027,0.989454,0.2191676,356.2324,346.7095,357.9084
12:45:36.1158 PM,-0.345923,0.9886635,0.2218171,356.1488,346.6438,358.0947
12:45:36.1265 PM,-0.3461126,0.9882,0.2242212,356.0405,346.6794,358.6295
12:45:36.1379 PM,-0.3474077,0.9885038,0.225984,355.8094,346.4527,359.1331
12:45:36.1487 PM,-0.3482524,0.9884048,0.2283216,355.5028,346.0824,359.4053
12:45:36.1599 PM,-0.3488248,0.9879786,0.2307191,355.1878,345.6972,359.2589
12:45:36.1716 PM,-0.3490202,0.9874659,0.2329675,354.9203,345.4156,358.8558
12:45:36.1828 PM,-0.349102,0.986612,0.2353896,354.723,345.2034,358.4375
12:45:36.1931 PM,-0.3487861,0.9851945,0.2380358,354.6975,345.0914,358.0212
12:45:36.2042 PM,-0.3483924,0.9842061,0.2405559,354.6795,345.0373,357.6753
12:45:36.2164 PM,-0.3477816,0.9826573,0.2434543,354.7916,345.1625,357.5166
12:45:36.2266 PM,-0.3472925,0.9815205,0.2461424,354.8368,345.3023,357.6185
12:45:36.2374 PM,-0.3473893,0.9800646,0.2483154,355.1683,345.6321,358.0995
12:45:36.2488 PM,-0.3484941,0.9788609,0.250364,355.2715,345.204,358.5273
12:45:36.2599 PM,-0.3488658,0.977768,0.2523174,355.5571,344.7365,359.0934
12:45:36.2706 PM,-0.3485736,0.9767863,0.2546022,355.7522,344.4563,359.3152
12:45:36.2818 PM,-0.3478067,0.9758949,0.25697,355.8587,344.3421,359.237
12:45:36.2931 PM,-0.3466931,0.9750538,0.2594115,355.8106,344.4393,358.9071
12:45:36.3043 PM,-0.3459911,0.9745753,0.2615606,355.6085,344.7456,358.6418
12:45:36.3154 PM,-0.3458706,0.9741469,0.2632901,355.4647,344.4844,358.1238
12:45:36.3267 PM,-0.3447293,0.9737189,0.2653346,355.0194,344.4001,357.3312
12:45:36.3378 PM,-0.3436565,0.972362,0.2676526,354.8219,344.4284,356.7611
12:45:36.3489 PM,-0.3426984,0.9706259,0.2700495,354.8236,344.5346,356.4957
12:45:36.3595 PM,-0.3416038,0.9692323,0.27191,354.9574,344.6686,356.6158
12:45:36.3706 PM,-0.3411779,0.9676312,0.2740591,355.0156,344.6997,356.7104
12:45:36.3828 PM,-0.3404656,0.966512,0.2757786,355.2028,344.6624,357.3527
12:45:36.3940 PM,-0.3397158,0.9648863,0.2776747,355.3404,344.5265,356.5334
12:45:36.4043 PM,-0.3395177,0.9636719,0.2793205,355.3234,344.3473,355.8914
12:45:36.4200 PM,-0.3397125,0.9628888,0.2807638,355.1643,343.9747,355.3216
12:45:36.4266 PM,-0.3397206,0.9623899,0.2822412,354.9765,343.4429,354.9751
12:45:36.4375 PM,-0.3386541,0.961506,0.2843377,354.8188,343.0753,354.7033
12:45:36.4488 PM,-0.3367101,0.960406,0.2867168,354.692,343.091,354.4153
12:45:36.4599 PM,-0.3342597,0.9592727,0.2892394,354.4806,343.5557,354.0359
12:45:36.4712 PM,-0.3327798,0.958185,0.2911872,354.3173,343.7403,353.7248
12:45:36.4818 PM,-0.3316607,0.9568719,0.2929332,354.1906,344.1219,353.4897
12:45:36.4932 PM,-0.3312766,0.9550366,0.2944892,354.3698,344.0718,353.4014
12:45:36.5045 PM,-0.3315528,0.9535953,0.295811,354.4229,343.9333,353.3664
12:45:36.5155 PM,-0.3327825,0.9526727,0.2966581,354.6109,343.0743,354.0058
12:45:36.5267 PM,-0.3319637,0.9522315,0.2979216,354.5741,342.7912,353.7255
12:45:36.5378 PM,-0.3318071,0.951682,0.2990357,354.4692,342.4959,353.5082
12:45:36.5489 PM,-0.3320412,0.951773,0.2998687,353.9836,341.8491,353.0287
12:45:36.5596 PM,-0.3315866,0.9517267,0.3009085,353.5512,341.4128,352.5768
12:45:36.5707 PM,-0.3301542,0.9502525,0.3024457,353.3619,341.2278,352.3132
12:45:36.5820 PM,-0.3290184,0.9493816,0.3034148,353.2173,341.1456,352.0605
12:45:36.5932 PM,-0.3282371,0.9489297,0.3044212,353.0956,341.0982,351.8279
12:45:36.6045 PM,-0.327933,0.9489853,0.3047215,352.8824,340.9216,351.7458
12:45:36.6156 PM,-0.3276435,0.9494761,0.3049118,352.451,340.5679,351.7831
12:45:36.6268 PM,-0.3265411,0.9490527,0.3054449,352.0952,340.1686,351.7845
12:45:36.6375 PM,-0.3253624,0.9481882,0.3061344,351.9614,339.9713,351.7516
12:45:36.6489 PM,-0.3242193,0.9473553,0.3066595,351.991,339.9068,351.7814
12:45:36.6596 PM,-0.3233075,0.946731,0.3069922,352.0884,339.8777,351.837
12:45:36.6710 PM,-0.3229023,0.9467982,0.3066669,351.9882,339.6249,351.8249
12:45:36.6827 PM,-0.3217706,0.9467071,0.3060481,351.9426,339.252,351.5774
12:45:36.6939 PM,-0.3204356,0.9462829,0.3059041,351.8961,339.0458,351.0932
12:45:36.7046 PM,-0.3194132,0.9451116,0.3059169,352.0612,338.8315,350.7701
12:45:36.7158 PM,-0.3188121,0.9444251,0.305562,352.3382,338.5373,350.7385
12:45:36.7265 PM,-0.3182584,0.9439952,0.3051907,352.7112,338.1107,351.0332
12:45:36.7378 PM,-0.317712,0.9442596,0.3052122,353.0427,337.4998,351.7065
12:45:36.7489 PM,-0.316658,0.9447799,0.304996,353.1382,337.0835,352.0645
12:45:36.7596 PM,-0.3149321,0.945329,0.3054741,353.1142,336.8206,352.3524
12:45:36.7709 PM,-0.3128969,0.9459867,0.3058611,353.0179,336.6678,352.3976
12:45:36.7826 PM,-0.3100295,0.9462085,0.3067079,352.8091,336.8859,352.1646
12:45:36.7934 PM,-0.3075766,0.9468068,0.3072405,352.697,336.968,352.0336
12:45:36.8047 PM,-0.30478,0.9470561,0.3081412,352.6453,337.4233,351.8882
12:45:36.8158 PM,-0.3026898,0.9475742,0.3088102,352.4533,337.5879,351.7744
12:45:36.8269 PM,-0.3009448,0.9488523,0.3089158,351.8784,337.7239,351.6284
12:45:36.8376 PM,-0.2995878,0.9494458,0.3090344,351.5402,337.67,351.6921
12:45:36.8488 PM,-0.2979411,0.9498948,0.3096972,351.2806,337.607,351.6511
12:45:36.8606 PM,-0.2959119,0.9497231,0.3108389,351.214,337.7265,351.4106
12:45:36.8717 PM,-0.2943466,0.9500525,0.3115076,351.1873,337.9257,351.2124
12:45:36.8829 PM,-0.2929063,0.950548,0.3120894,351.1259,338.0277,351.1229
12:45:36.8931 PM,-0.2922403,0.9510317,0.3124949,351.0815,337.9828,351.1729
12:45:36.9049 PM,-0.2914201,0.951863,0.3128588,350.9723,337.8444,351.132
12:45:36.9155 PM,-0.2908836,0.9523224,0.3134102,350.9012,337.6502,351.0504
12:45:36.9267 PM,-0.2900255,0.9529901,0.3142029,350.7394,337.5348,350.7477
12:45:36.9379 PM,-0.2890716,0.9535697,0.3148225,350.5902,337.4364,350.379
12:45:36.9485 PM,-0.2884301,0.9538356,0.3156399,350.5075,337.3172,350.0656
12:45:36.9599 PM,-0.2882678,0.9535465,0.3165738,350.5396,337.1721,350.0258
12:45:36.9706 PM,-0.2879516,0.9539767,0.3170829,350.5848,336.9929,350.2501
12:45:36.9818 PM,-0.2875403,0.953726,0.3182054,350.683,336.7804,350.7536
12:45:36.9930 PM,-0.2863845,0.9537682,0.31909,350.7783,336.813,350.8766
12:45:37.0049 PM,-0.2854305,0.9536481,0.3199009,350.8313,336.9093,350.8529
12:45:37.0156 PM,-0.2844141,0.9535285,0.3206558,350.8715,337.088,350.7921
12:45:37.0268 PM,-0.2837903,0.9538286,0.3213148,350.9645,337.0547,350.826
12:45:37.0376 PM,-0.283037,0.9543122,0.3218341,350.9938,337.058,350.8216
12:45:37.0488 PM,-0.2818669,0.9542034,0.3227605,351.1231,337.281,350.0945
12:45:37.0595 PM,-0.2802851,0.9582726,0.320328,351.0419,337.4796,348.9893
12:45:37.0707 PM,-0.2797476,0.9586965,0.3204772,351.037,337.633,347.7775
12:45:37.0821 PM,-0.2796893,0.9589138,0.3209121,351.0095,337.7579,346.9465
12:45:37.0933 PM,-0.2783444,0.9603254,0.3206339,350.8451,337.8645,346.684
12:45:37.1040 PM,-0.2776192,0.9611691,0.3212337,350.5854,338.0269,346.8938
12:45:37.1157 PM,-0.276479,0.9617155,0.3215818,350.425,338.1903,347.055
12:45:37.1268 PM,-0.275477,0.9621958,0.32191,350.2907,338.4178,347.1828
12:45:37.1426 PM,-0.2744283,0.961858,0.3225745,350.1891,338.745,347.0731
12:45:37.1487 PM,-0.2734821,0.96119,0.3236353,350.1969,339.2339,346.3091
12:45:37.1600 PM,-0.2719576,0.9602513,0.3241955,350.3361,339.6238,345.1496
12:45:37.1718 PM,-0.2719752,0.9605106,0.3236503,350.2332,339.6931,344.6303
12:45:37.1820 PM,-0.2729526,0.959151,0.3237822,350.3721,339.4063,343.9451
12:45:37.1932 PM,-0.2734652,0.9594327,0.3241685,350.3022,339.3429,344.3289
12:45:37.2041 PM,-0.2733649,0.958618,0.3247485,350.4228,339.3437,344.4045
12:45:37.2157 PM,-0.2734718,0.9572533,0.3254322,350.7125,339.3,344.3262
12:45:37.2268 PM,-0.2736737,0.9557091,0.3259942,351.0009,339.1792,344.1485
12:45:37.2376 PM,-0.2743613,0.9550458,0.3259748,351.3243,338.9933,344.2794
12:45:37.2489 PM,-0.2754757,0.953705,0.326354,351.6161,338.7187,344.5128
12:45:37.2596 PM,-0.2746032,0.9532698,0.3268871,351.5544,338.5772,344.608
12:45:37.2708 PM,-0.2745966,0.9526088,0.3270347,351.68,338.5066,344.5508
12:45:37.2820 PM,-0.2723871,0.951157,0.328085,351.6692,338.7853,343.6862
12:45:37.2949 PM,-0.2711003,0.949824,0.3287944,351.7462,339.0686,343.1646
12:45:37.3041 PM,-0.269177,0.9488042,0.3294328,351.8438,339.5542,342.8529
12:45:37.3157 PM,-0.2672099,0.9473885,0.3304119,351.9668,340.117,342.6553
12:45:37.3274 PM,-0.2656311,0.9459825,0.3313337,352.0875,340.7,342.5102
12:45:37.3376 PM,-0.2641033,0.9452973,0.3314508,352.1125,341.1286,342.2805
12:45:37.3488 PM,-0.2626599,0.9439371,0.3321064,352.1319,341.58,342.033
12:45:37.3595 PM,-0.2609633,0.9429269,0.3325254,352.2323,341.9625,341.744
12:45:37.3718 PM,-0.2597637,0.9442435,0.3318093,352.3144,342.3419,341.5913
12:45:37.3819 PM,-0.2589574,0.9442244,0.3320486,352.3663,342.6659,341.5141
12:45:37.3932 PM,-0.2586961,0.9445997,0.3320702,352.2549,342.8581,341.6691
12:45:37.4041 PM,-0.2582892,0.9449036,0.3320524,352.1038,342.9253,341.6872
12:45:37.4157 PM,-0.2577013,0.9451948,0.332474,351.7962,342.8514,341.507
12:45:37.4269 PM,-0.2559561,0.9451782,0.3321556,351.7007,342.8506,340.9476
12:45:37.4378 PM,-0.2546962,0.9442579,0.332965,351.7159,342.9863,340.4355
12:45:37.4485 PM,-0.2535936,0.9434093,0.3334751,351.8499,343.2,340.0112
12:45:37.4608 PM,-0.2526762,0.9428033,0.3340136,352.0212,343.3446,339.6848
12:45:37.4710 PM,-0.2527099,0.9429963,0.3337339,352.1561,343.2362,339.7654
12:45:37.4827 PM,-0.2519988,0.9427665,0.3340375,352.2155,343.1569,340.0257
12:45:37.4939 PM,-0.2512726,0.9423972,0.3344674,352.1578,342.9711,340.4498
12:45:37.5042 PM,-0.2501506,0.9422061,0.3346615,352.1559,342.9235,340.5244
12:45:37.5158 PM,-0.2488178,0.9416097,0.335056,352.3407,343.02,340.4662
12:45:37.5265 PM,-0.2479139,0.9410074,0.3355215,352.4857,343.0978,340.4264
12:45:37.5378 PM,-0.2464493,0.9414427,0.3356176,352.4432,343.1078,340.541
12:45:37.5488 PM,-0.2439754,0.9407754,0.3362728,352.5577,343.5289,340.4044
12:45:37.5599 PM,-0.2417942,0.9397556,0.3371732,352.6564,344.016,339.7923
12:45:37.5710 PM,-0.2395146,0.939447,0.3372459,352.6853,344.4159,338.9738
12:45:37.5817 PM,-0.2376566,0.9387349,0.3375944,352.6996,344.7623,338.3279
12:45:37.5931 PM,-0.2355049,0.9386745,0.3377216,352.6599,345.169,337.9663
12:45:37.6044 PM,-0.2332409,0.9386016,0.3383284,352.6328,345.5856,337.7912
12:45:37.6154 PM,-0.2315453,0.9388973,0.3386742,352.4586,346.0067,337.9831
12:45:37.6267 PM,-0.2295107,0.9389367,0.3389734,352.3176,346.3259,338.0386
12:45:37.6379 PM,-0.2276385,0.9394588,0.3391571,352.1092,346.6169,338.058
12:45:37.6486 PM,-0.225793,0.9392827,0.3396147,351.9228,346.9002,338.0612
12:45:37.6598 PM,-0.224166,0.9387174,0.3405327,351.8725,347.224,337.7591
12:45:37.6715 PM,-0.222146,0.9387893,0.3407929,351.7917,347.5359,337.6075
12:45:37.6827 PM,-0.2209554,0.9384086,0.3414957,351.719,347.9156,337.1621
12:45:37.6939 PM,-0.2199729,0.9387366,0.341873,351.6154,348.1573,336.9111
12:45:37.7042 PM,-0.2191549,0.9384724,0.3425439,351.5242,348.3117,336.6983
12:45:37.7158 PM,-0.2183444,0.9382082,0.3430314,351.481,348.3894,336.5008
12:45:37.7265 PM,-0.2176802,0.9374303,0.3437634,351.5121,348.4381,336.2863
12:45:37.7377 PM,-0.2170872,0.9371271,0.3443548,351.6322,348.4655,335.9999
12:45:37.7484 PM,-0.2165332,0.9373429,0.3447299,351.6338,348.4735,335.8369
12:45:37.7597 PM,-0.2160687,0.9374801,0.3452585,351.6193,348.4536,335.8421
12:45:37.7710 PM,-0.2155605,0.9376703,0.345742,351.6322,348.4572,336.0167
12:45:37.7847 PM,-0.2157339,0.9384201,0.3460888,351.6699,348.1855,336.4505
12:45:37.7938 PM,-0.2161021,0.9392778,0.3463632,351.6591,348.1435,336.5277
12:45:37.8045 PM,-0.2164811,0.9403557,0.3464526,351.4346,348.1321,336.8944
12:45:37.8156 PM,-0.217037,0.9414317,0.3467111,351.022,347.696,337.277
12:45:37.8267 PM,-0.2168879,0.9418333,0.3471214,350.8318,347.458,337.1082
12:45:37.8379 PM,-0.2165179,0.9420119,0.3478539,350.7119,347.3664,336.6398
12:45:37.8496 PM,-0.2162106,0.9423437,0.3483414,350.64,347.426,336.0559
12:45:37.8598 PM,-0.2157589,0.942921,0.3486875,350.593,347.5814,335.9503
12:45:37.8709 PM,-0.2154379,0.9430867,0.3494192,350.5742,347.8398,335.8535
12:45:37.8826 PM,-0.2151633,0.9433191,0.3500859,350.5772,348.0135,335.7413
12:45:37.8938 PM,-0.2151137,0.9433929,0.3507081,350.5342,348.1913,335.4814
12:45:37.9046 PM,-0.2149238,0.9432344,0.351296,350.5158,348.3397,335.24
12:45:37.9156 PM,-0.2145643,0.9423569,0.3518445,350.7733,348.7302,334.645
12:45:37.9277 PM,-0.2149845,0.9420658,0.3521416,351.0565,348.8849,334.1719
12:45:37.9368 PM,-0.2158833,0.9422581,0.3524362,351.163,348.8557,334.1018
12:45:37.9495 PM,-0.2165702,0.9425841,0.3527609,351.1674,348.7942,334.3276
12:45:37.9622 PM,-0.2177775,0.9434438,0.3529809,350.9435,348.4546,335.035
12:45:37.9708 PM,-0.218324,0.9433259,0.3535094,350.9518,348.4658,335.0195
12:45:37.9825 PM,-0.2178036,0.9426837,0.354174,351.0303,348.5222,334.8148
12:45:37.9932 PM,-0.2177578,0.9424933,0.354383,351.1833,348.7143,334.1306
12:45:38.0050 PM,-0.2172496,0.9424884,0.3546104,351.1964,348.9363,333.6208
12:45:38.0156 PM,-0.2168281,0.9424843,0.3547469,351.0856,349.1736,333.3275
12:45:38.0268 PM,-0.2164844,0.9424313,0.3548817,351.0564,349.3349,333.1636
12:45:38.0386 PM,-0.2159181,0.9423728,0.3550375,351.0338,349.5348,333.0527
12:45:38.0488 PM,-0.2155634,0.9423818,0.3548658,351.0114,349.6482,333.1706
12:45:38.0599 PM,-0.2147864,0.9419324,0.3545679,351.0628,349.6328,333.3226
12:45:38.0706 PM,-0.2139431,0.9414803,0.3546456,351.0947,349.6382,333.353
12:45:38.0818 PM,-0.212494,0.9406227,0.3544311,351.2392,349.7997,333.2939
12:45:38.0930 PM,-0.2102649,0.9393049,0.3543794,351.5669,350.1989,333.2244
12:45:38.1043 PM,-0.2077074,0.9395926,0.3541429,351.5872,350.6704,333.3069
12:45:38.1159 PM,-0.2051646,0.9400121,0.3535749,351.4596,351.0613,333.3943
12:45:38.1266 PM,-0.2021867,0.9397355,0.3530332,351.3182,351.4421,333.2461
12:45:38.1377 PM,-0.1990746,0.9392371,0.3526738,351.2366,351.8722,332.9581
12:45:38.1489 PM,-0.1958116,0.9383088,0.3522878,351.2314,352.3849,332.5374
12:45:38.1596 PM,-0.1923903,0.9372044,0.3520486,351.3293,352.9351,331.9958
12:45:38.1717 PM,-0.1891445,0.9362954,0.3516645,351.4595,353.4454,331.5672
12:45:38.1819 PM,-0.1856592,0.9360766,0.3511665,351.5234,353.9291,331.4085
12:45:38.1932 PM,-0.1821907,0.9361809,0.3507065,351.4385,354.456,331.8045
12:45:38.2043 PM,-0.1787303,0.9355788,0.3502307,351.458,354.8936,331.6774
12:45:38.2154 PM,-0.1747381,0.9349575,0.3499705,351.4098,355.5246,331.6012
12:45:38.2277 PM,-0.1712334,0.9339498,0.3497387,351.5018,356.0516,331.3645
12:45:38.2379 PM,-0.1680953,0.9335071,0.3495624,351.5645,356.5162,331.2429
12:45:38.2500 PM,-0.1649827,0.9334071,0.3496377,351.4913,356.8525,331.1871
12:45:38.2595 PM,-0.1615022,0.933459,0.3493322,351.3798,357.2344,330.9634
12:45:38.2713 PM,-0.157885,0.9334171,0.3493953,351.2414,357.6769,330.6206
12:45:38.2827 PM,-0.1544467,0.9335593,0.3492917,351.125,358.1666,330.3127
12:45:38.2939 PM,-0.1511489,0.9340492,0.3492703,350.9866,358.6322,330.1093
12:45:38.3046 PM,-0.1489052,0.9343712,0.3493813,350.899,358.8741,330.1998
12:45:38.3158 PM,-0.1465013,0.9350969,0.3493839,350.7965,358.9698,330.3767
12:45:38.3268 PM,-0.1439759,0.9353381,0.3495222,350.7187,359.1344,330.3966
12:45:38.3379 PM,-0.1413231,0.9357349,0.3496064,350.6264,359.241,330.3876
12:45:38.3486 PM,-0.1388651,0.9358201,0.3497734,350.5984,359.3207,330.4474
12:45:38.3619 PM,-0.1362807,0.9360482,0.3500154,350.6311,359.4117,330.5747
12:45:38.3705 PM,-0.1336733,0.9364443,0.350155,350.7125,359.4598,330.9185
12:45:38.3837 PM,-0.1310055,0.9369224,0.3501807,350.7456,359.6169,331.0489
12:45:38.3943 PM,-0.1281021,0.9375511,0.3501172,350.7957,359.7713,331.1199
12:45:38.4046 PM,-0.1251163,0.9383644,0.3500916,350.6947,359.9564,331.0116
12:45:38.4157 PM,-0.1220569,0.9391187,0.3501084,350.5737,0.2017363,330.941
12:45:38.4268 PM,-0.1188061,0.9403773,0.3500483,350.2977,0.5688229,330.8717
12:45:38.4395 PM,-0.1157034,0.9410421,0.3501521,350.1197,0.8777917,330.8757
12:45:38.4486 PM,-0.1125564,0.941785,0.3500831,349.9817,1.218287,330.861
12:45:38.4599 PM,-0.1090681,0.9423773,0.3499845,349.8933,1.625279,330.7467
12:45:38.4716 PM,-0.1055688,0.942818,0.3498648,349.7616,2.088733,330.5073
12:45:38.4838 PM,-0.101938,0.9434475,0.3497492,349.6104,2.605122,330.1586
12:45:38.4930 PM,-0.09890042,0.9481021,0.3463709,349.3746,3.122496,329.7967
12:45:38.5052 PM,-0.09585992,0.9486936,0.3462092,349.2142,3.526823,329.5965
12:45:38.5154 PM,-0.09265251,0.9490228,0.3461802,349.1003,3.905196,329.389
12:45:38.5266 PM,-0.08963153,0.9490948,0.3461374,349.0864,4.21797,329.222
12:45:38.5377 PM,-0.08689198,0.9491184,0.3460015,349.1295,4.491605,329.1483
12:45:38.5489 PM,-0.08404243,0.9493152,0.3458773,349.2038,4.703094,329.2347
12:45:38.5606 PM,-0.08131866,0.9499863,0.3456529,349.1342,4.942997,329.2914
12:45:38.5728 PM,-0.07900482,0.9507447,0.3454859,349.0278,5.141336,329.4536
12:45:38.5839 PM,-0.07676132,0.9515809,0.3454888,348.8088,5.289341,329.6242
12:45:38.5942 PM,-0.07462035,0.9521543,0.3452958,348.6046,5.372805,329.7814
12:45:38.6048 PM,-0.07213558,0.9518841,0.3453984,348.4757,5.438225,329.6306
12:45:38.6164 PM,-0.06977701,0.951481,0.3453202,348.4871,5.599995,329.4389
12:45:38.6266 PM,-0.06742658,0.9509829,0.3455393,348.5326,5.78222,329.2069
12:45:38.6397 PM,-0.06527062,0.9510303,0.3454179,348.5844,5.924908,329.1522
12:45:38.6488 PM,-0.06329337,0.9510804,0.3451423,348.5695,6.032536,329.2889
12:45:38.6609 PM,-0.06121726,0.9506506,0.3451079,348.5843,6.178826,329.5334
12:45:38.6716 PM,-0.0591122,0.9494584,0.3453769,348.7805,6.337901,329.4273
12:45:38.6827 PM,-0.05739861,0.9485503,0.3452369,348.9266,6.40163,329.1256
12:45:38.6938 PM,-0.05558487,0.9476102,0.3452389,349.0561,6.462651,328.9052
12:45:38.7049 PM,-0.05382379,0.9467266,0.345112,349.2191,6.522079,328.9017
12:45:38.7166 PM,-0.05176889,0.9461169,0.3448743,349.3175,6.605927,328.9783
12:45:38.7278 PM,-0.04923235,0.9449527,0.3449884,349.4525,6.774739,329.1875
12:45:38.7378 PM,-0.04662818,0.9441283,0.3446089,349.5115,7.048936,329.2186
12:45:38.7495 PM,-0.04425623,0.9450626,0.3427104,349.5446,7.430602,329.1267
12:45:38.7596 PM,-0.04153576,0.9442425,0.3419655,349.5781,8.043347,328.7397
12:45:38.7707 PM,-0.03909619,0.9431261,0.3414806,349.6446,8.438526,328.4965
12:45:38.7829 PM,-0.03727436,0.9420598,0.3410184,349.6956,8.899522,327.9817
12:45:38.7931 PM,-0.03522697,0.940771,0.3407299,349.7303,9.226116,327.6387
12:45:38.8043 PM,-0.03330994,0.9397146,0.3404275,349.7691,9.551967,327.3971
12:45:38.8158 PM,-0.03146181,0.9384265,0.3403298,349.8234,9.860154,327.2758
12:45:38.8265 PM,-0.02960396,0.9370587,0.3401868,349.8558,10.14525,327.1503
12:45:38.8387 PM,-0.0281813,0.935428,0.3401512,350.0321,10.31289,327.1479
12:45:38.8488 PM,-0.02678325,0.9332678,0.3402401,350.2873,10.4422,327.2687
12:45:38.8599 PM,-0.02507823,0.9312624,0.3403738,350.5281,10.64695,327.2141
12:45:38.8710 PM,-0.02383527,0.9295914,0.3402675,350.7878,10.8473,327.0509
12:45:38.8827 PM,-0.02288462,0.9283741,0.3402137,350.9759,10.97701,326.8744
12:45:38.8938 PM,-0.02228259,0.9269124,0.3404374,351.0453,10.99531,326.7886
12:45:38.9044 PM,-0.02151436,0.925584,0.3406615,351.0978,10.96046,326.7814
12:45:38.9156 PM,-0.02087064,0.9236591,0.3411504,351.2268,10.91357,326.8104
12:45:38.9267 PM,-0.01924242,0.9235505,0.3399722,351.3197,10.92873,326.7273
12:45:38.9378 PM,-0.01824275,0.9217668,0.34,351.5003,10.98713,326.6213
12:45:38.9495 PM,-0.01740175,0.9202151,0.3402813,351.6914,11.09884,326.4893
12:45:38.9606 PM,-0.01666077,0.9184778,0.3405718,351.8505,11.19135,326.4093
12:45:38.9717 PM,-0.01646527,0.9177175,0.3406565,351.8888,11.16785,326.6341
12:45:38.9819 PM,-0.01614719,0.916356,0.3409121,351.9534,11.11331,326.7979
12:45:38.9941 PM,-0.01571235,0.9148243,0.3412366,351.9883,11.02031,326.9033
12:45:39.0047 PM,-0.01500468,0.913524,0.3413115,352.0679,10.99559,326.8054
12:45:39.0158 PM,-0.01439365,0.9119816,0.3415353,352.2689,11.03816,326.618
12:45:39.0275 PM,-0.01386366,0.9101962,0.3417273,352.4665,11.09691,326.3929
12:45:39.0387 PM,-0.01339634,0.9089115,0.3417969,352.6183,11.13449,326.2717
12:45:39.0488 PM,-0.01309169,0.9074028,0.3421292,352.8145,11.16469,326.1655
12:45:39.0599 PM,-0.01241495,0.9081855,0.3410182,352.7944,11.09258,326.3005
12:45:39.0716 PM,-0.01247779,0.9079219,0.3409292,352.6826,11.00359,326.4132
12:45:39.0828 PM,-0.01188498,0.9072011,0.3411395,352.5112,10.91702,326.6462
12:45:39.0939 PM,-0.01098458,0.9061098,0.3411631,352.478,10.9559,326.5751
12:45:39.1050 PM,-0.009231929,0.9049774,0.3412364,352.7161,11.04936,326.5189
12:45:39.1157 PM,-0.00873844,0.9051834,0.341153,352.8891,11.27151,326.5106
12:45:39.1278 PM,-0.008678306,0.9055397,0.3413502,352.8129,11.2597,326.5673
12:45:39.1378 PM,-0.00857174,0.9060829,0.3414564,352.7533,11.21025,326.5735
12:45:39.1495 PM,-0.00921594,0.9077382,0.3418849,352.6297,11.17963,326.7185
12:45:39.1607 PM,-0.009280022,0.9093399,0.3424674,351.9879,10.83523,327.1228
12:45:39.1707 PM,-0.009125505,0.9103574,0.3427856,351.7881,10.71278,327.2046
12:45:39.1819 PM,-0.009032566,0.9115273,0.3436369,351.6207,10.6461,327.3232
12:45:39.1941 PM,-0.01030779,0.9137874,0.3443819,351.4585,10.51517,327.6299
12:45:39.2043 PM,-0.01144008,0.9163041,0.344876,351.1898,10.29074,327.8377
12:45:39.2158 PM,-0.01447285,0.9197308,0.3455835,350.419,9.484412,328.2444
12:45:39.2264 PM,-0.01644323,0.9222721,0.3463131,349.8294,8.751617,328.4649
12:45:39.2375 PM,-0.01823956,0.923225,0.3471907,349.4171,7.861768,328.5644
12:45:39.2497 PM,-0.01929677,0.9241417,0.3480503,349.2565,7.289236,328.7044
12:45:39.2599 PM,-0.02040171,0.9250104,0.3487695,349.2148,6.788287,328.9691
12:45:39.2710 PM,-0.02141481,0.9260337,0.3493024,349.2672,6.313001,329.4712
12:45:39.2827 PM,-0.02139566,0.9284353,0.348482,349.3774,5.836762,330.1522
12:45:39.2938 PM,-0.02157241,0.9294593,0.3489694,349.5452,5.454862,330.8886
12:45:39.3055 PM,-0.02104701,0.930348,0.3487709,349.6995,5.298929,331.4656
12:45:39.3156 PM,-0.01948227,0.930775,0.3487117,349.8729,5.557528,331.5431
12:45:39.3267 PM,-0.01881296,0.9318287,0.3486546,349.9427,5.736804,331.2944
12:45:39.3378 PM,-0.01861333,0.9333693,0.3487053,349.8786,5.726561,331.2343
12:45:39.3505 PM,-0.01867274,0.9358202,0.3486101,349.3175,5.867499,330.7819
12:45:39.3597 PM,-0.01781567,0.9366971,0.3489839,348.836,6.08733,330.2371
12:45:39.3718 PM,-0.01738762,0.937637,0.3492633,348.6392,6.150236,329.9757
12:45:39.3820 PM,-0.01718613,0.9382963,0.3497131,348.4837,6.308249,329.4696
12:45:39.3932 PM,-0.01859366,0.9393504,0.3502515,348.3202,6.187322,329.5788
12:45:39.4048 PM,-0.0189159,0.9406233,0.3505355,348.1666,6.056604,329.664
12:45:39.4155 PM,-0.01953371,0.9415605,0.3511245,348.0688,5.81981,329.9199
12:45:39.4266 PM,-0.02045325,0.9420747,0.3517953,348.1288,5.49778,330.3051
12:45:39.4387 PM,-0.02115564,0.9433087,0.3526013,348.2159,5.336425,330.6815
12:45:39.4488 PM,-0.02324599,0.945515,0.3531483,347.9975,4.93177,330.9989
12:45:39.4599 PM,-0.02487633,0.9469588,0.3536736,347.6468,4.365951,330.9971
12:45:39.4715 PM,-0.02612115,0.9481214,0.3541065,347.4734,4.011966,331.0138
12:45:39.4827 PM,-0.02764717,0.9515258,0.3529983,347.3794,3.5117,330.8395
12:45:39.5004 PM,-0.0291143,0.9535274,0.352908,347.2666,3.162199,330.9395
12:45:39.5100 PM,-0.02996896,0.9549714,0.3529151,347.0297,2.831787,331.2194
12:45:39.5181 PM,-0.02940669,0.9554558,0.3530907,346.885,2.778385,331.4389
12:45:39.5266 PM,-0.02862553,0.9553369,0.3532324,346.8723,2.974612,331.3207
12:45:39.5377 PM,-0.02806058,0.9555969,0.3532771,346.851,3.073067,331.1988
12:45:39.5489 PM,-0.02624735,0.9551501,0.3528227,347.2128,3.626833,330.8964
12:45:39.5605 PM,-0.02530976,0.9533207,0.3523268,347.3206,4.095595,330.1123
12:45:39.5706 PM,-0.02420368,0.9519808,0.3518127,347.5785,4.468637,329.7941
12:45:39.5818 PM,-0.02246869,0.9505194,0.3507648,347.8509,4.855299,329.5701
12:45:39.5940 PM,-0.02072227,0.9483364,0.3500038,348.1515,5.304071,329.2816
12:45:39.6057 PM,-0.01841236,0.9453104,0.3492959,348.5273,5.86729,328.8557
12:45:39.6157 PM,-0.01626988,0.9411825,0.3488318,349.2809,6.603958,328.3531
12:45:39.6269 PM,-0.01489621,0.9376957,0.3482391,349.9691,7.113084,328.2455
12:45:39.6386 PM,-0.013981,0.9345898,0.347301,350.7003,7.549385,328.3017
12:45:39.6487 PM,-0.01346548,0.9323265,0.3465398,351.2026,7.84592,328.001
12:45:39.6624 PM,-0.01297215,0.9296294,0.3456698,351.4607,7.997345,327.394
12:45:39.6716 PM,-0.01255951,0.926733,0.3451947,351.5999,8.0836,326.6416
12:45:39.6827 PM,-0.01215248,0.9235838,0.3447903,351.7757,8.228508,325.9278
12:45:39.6939 PM,-0.01190987,0.9198129,0.3446836,352.0868,8.42907,325.3634
12:45:39.7055 PM,-0.01144769,0.9164814,0.3440176,352.4153,8.668489,324.9153
12:45:39.7166 PM,-0.01199351,0.9127179,0.3441729,352.7138,8.684779,324.8019
12:45:39.7278 PM,-0.01241057,0.9086295,0.3441118,352.9758,8.724107,324.5873
12:45:39.7378 PM,-0.01246642,0.9049004,0.343646,353.2911,8.893486,324.2251
12:45:39.7495 PM,-0.01479169,0.9003118,0.3445565,353.811,8.472234,322.7364
12:45:39.7606 PM,-0.01385411,0.8948258,0.3450294,354.5819,8.69798,322.4415
12:45:39.7707 PM,-0.01547898,0.8910497,0.3448205,355.3445,8.266577,323.583
12:45:39.7829 PM,-0.01557243,0.8868731,0.3453315,355.926,7.689289,324.0479
12:45:39.7941 PM,-0.01590275,0.8831521,0.3452438,356.3465,7.533343,323.8476
12:45:39.8037 PM,-0.01595741,0.8801024,0.3452123,356.6095,7.418567,323.7266
12:45:39.8165 PM,-0.01463521,0.8778873,0.3441689,356.8158,7.425471,323.619
12:45:39.8266 PM,-0.01298786,0.8744219,0.3440489,356.9497,7.772561,323.399
12:45:39.8387 PM,-0.01191011,0.8712904,0.3437623,357.2103,7.964373,323.1678
12:45:39.8468 PM,-0.009585287,0.8693685,0.3432782,357.2521,8.645318,322.7679
12:45:39.8579 PM,-0.008319404,0.8670484,0.3428415,357.3702,9.091519,322.5257
12:45:39.8700 PM,-0.006759811,0.8654795,0.3423982,357.3221,9.49712,322.2454
12:45:39.8806 PM,-0.004941795,0.8636404,0.3420821,357.1394,9.94523,321.8418
12:45:39.8913 PM,-0.002688747,0.8611542,0.3419755,356.7567,10.6073,321.213
12:45:39.9025 PM,-0.0005795918,0.8581002,0.3416705,356.6844,11.31217,320.4341
12:45:39.9136 PM,0.0009854622,0.8553997,0.3412212,356.8481,11.99082,319.4766
12:45:39.9253 PM,0.001779724,0.8521596,0.3411513,357.1673,12.54139,318.6309
12:45:39.9365 PM,0.002590116,0.8492667,0.3412989,357.5635,12.9475,318.1983
12:45:39.9485 PM,0.003096391,0.8466171,0.3412883,357.9419,13.18685,318.1202
12:45:39.9586 PM,0.0035639,0.8447445,0.3412201,358.1928,13.31727,318.1479
12:45:39.9703 PM,0.00385331,0.8428896,0.3415286,358.3083,13.30193,318.1043
12:45:39.9819 PM,0.003837604,0.8407915,0.3421311,358.2914,13.23447,317.9116
12:45:39.9976 PM,0.003519896,0.837968,0.3430368,358.3576,13.04982,317.1982
12:45:40.0037 PM,0.003618423,0.8357293,0.343601,358.5354,12.96429,316.6981
12:45:40.0138 PM,0.003164548,0.8335557,0.3444797,358.6777,12.82611,316.5424
12:45:40.0250 PM,0.002886083,0.8316295,0.3452802,358.7606,12.64748,316.6815
12:45:40.0356 PM,0.00303245,0.8293042,0.3458281,358.8734,12.47977,316.7858
12:45:40.0467 PM,0.002892833,0.8266147,0.3467097,359.0659,12.35159,316.7206
12:45:40.0578 PM,0.002918635,0.8237734,0.3472047,359.3497,12.19468,316.6058
12:45:40.0690 PM,0.002570231,0.8205226,0.3479482,359.6702,12.11831,316.4903
12:45:40.0806 PM,0.002167162,0.8172302,0.3484705,0.1159635,11.85479,316.3419
12:45:40.0913 PM,0.001939971,0.8143304,0.3488682,0.4677626,11.62241,316.3087
12:45:40.1035 PM,0.001998488,0.811555,0.3492463,0.8053699,11.42777,316.4277
12:45:40.1152 PM,0.003438946,0.8098434,0.3482948,1.061946,11.38809,316.6587
12:45:40.1258 PM,0.004103374,0.8072111,0.3482387,1.32843,11.35038,316.6768
12:45:40.1365 PM,0.004687618,0.8045089,0.3483974,1.59871,11.43491,316.7326
12:45:40.1475 PM,0.005194101,0.8027854,0.3483563,1.536657,11.54424,316.7129
12:45:40.1587 PM,0.005505193,0.7997965,0.3485825,1.490385,11.59376,316.4332
12:45:40.1693 PM,0.00603481,0.7962984,0.34867,1.606382,11.69657,315.7176
12:45:40.1809 PM,0.006147597,0.7923799,0.3488917,1.872675,11.72025,314.7794
12:45:40.1916 PM,0.006262492,0.7889858,0.3489894,2.129027,11.71847,314.024
12:45:40.2027 PM,0.006720174,0.7856426,0.3491936,2.363101,11.77739,313.6428
12:45:40.2133 PM,0.007086974,0.7823844,0.3497649,2.600403,11.80445,313.7169
12:45:40.2250 PM,0.007752765,0.7793434,0.3502348,2.755817,11.84175,313.9739
12:45:40.2357 PM,0.008197803,0.775942,0.3506054,2.951123,11.8418,314.4066
12:45:40.2478 PM,0.008779358,0.7721721,0.3508468,3.231066,11.87789,314.8296
12:45:40.2578 PM,0.009243976,0.7684783,0.3512249,3.479028,11.91311,314.9714
12:45:40.2700 PM,0.00917184,0.7645409,0.351389,3.856678,11.96424,314.9195
12:45:40.2807 PM,0.008960214,0.7618545,0.3518259,4.053627,11.86585,314.9184
12:45:40.2913 PM,0.008853946,0.7588456,0.3521722,4.110224,11.69632,315.0413
12:45:40.3035 PM,0.00919323,0.7546791,0.3527323,4.252539,11.68711,314.8762
12:45:40.3146 PM,0.009318303,0.7505075,0.353231,4.566653,11.73168,314.3283
12:45:40.3252 PM,0.009053264,0.7462944,0.3534666,4.925428,11.72786,313.6731
12:45:40.3364 PM,0.00873312,0.7427149,0.3537997,5.215559,11.75123,313.4936
12:45:40.3475 PM,0.008154314,0.7388815,0.3543831,5.575764,11.68941,313.824
12:45:40.3586 PM,0.007153865,0.7355983,0.3551881,5.818381,11.45779,314.2145
12:45:40.3703 PM,0.006263975,0.7323346,0.355664,5.99156,11.19655,314.3183
12:45:40.3809 PM,0.005968805,0.7289889,0.3565616,6.13667,10.61569,314.4272
12:45:40.3926 PM,0.006023776,0.7254245,0.3572108,6.30796,10.46907,314.4598
12:45:40.4027 PM,0.006017935,0.7218218,0.3576101,6.508275,10.3605,314.4876
12:45:40.4144 PM,0.006674033,0.7179925,0.358006,6.778427,10.47974,314.5946
12:45:40.4250 PM,0.006933767,0.7143309,0.3584213,7.129732,10.5168,314.7944
12:45:40.4366 PM,0.007140387,0.7107711,0.3587319,7.505949,10.63269,315.0116
12:45:40.4467 PM,0.007102702,0.707237,0.3591746,7.841002,10.72489,314.8958
12:45:40.4578 PM,0.006407905,0.7037039,0.3598416,8.139851,10.68073,314.5142
12:45:40.4699 PM,0.00564206,0.7011977,0.3601208,8.222552,10.44648,313.8417
12:45:40.4816 PM,0.004962947,0.6979373,0.3605787,8.34445,10.26616,313.5983
12:45:40.4932 PM,0.004713755,0.6944788,0.361042,8.596287,10.10874,313.51
12:45:40.5024 PM,0.004314464,0.6919022,0.3612736,8.84136,9.94807,313.6192
12:45:40.5146 PM,0.003876533,0.689896,0.3617106,8.915423,9.760134,313.8913
12:45:40.5251 PM,0.003978614,0.6876374,0.3621365,8.857391,9.589968,314.0789
12:45:40.5357 PM,0.003946137,0.6845841,0.3624889,8.891867,9.466214,314.109
12:45:40.5479 PM,0.003953759,0.6816277,0.3629771,9.054779,9.333557,314.1297
12:45:40.5585 PM,0.003714304,0.6784707,0.3632568,9.397079,9.193063,314.446
12:45:40.5691 PM,0.00372779,0.6759385,0.363465,9.663137,9.081483,314.7737
12:45:40.5807 PM,0.003831092,0.6735395,0.3635069,9.891464,8.98835,315.0281
12:45:40.5914 PM,0.004149664,0.6711099,0.3635845,10.05675,8.955145,315.107
12:45:40.6025 PM,0.004713509,0.6688687,0.3639927,10.12365,9.021024,314.9314
12:45:40.6147 PM,0.00534929,0.6668634,0.3641033,10.15258,9.082818,314.7646
12:45:40.6254 PM,0.006039944,0.6646188,0.3643323,10.17758,9.221591,314.5667
12:45:40.6369 PM,0.006547708,0.6620717,0.3644688,10.28162,9.383262,314.2662
12:45:40.6469 PM,0.007157158,0.6597225,0.364472,10.37634,9.559592,313.8534
12:45:40.6584 PM,0.007711146,0.6572468,0.3643033,10.48553,9.736234,313.4739
12:45:40.6691 PM,0.008415338,0.6547178,0.3640449,10.59218,9.927483,313.1661
12:45:40.6807 PM,0.009301972,0.6516941,0.3636116,10.81655,10.12286,312.9131
12:45:40.6913 PM,0.01026807,0.6485827,0.3632949,11.08631,10.26934,312.7195
12:45:40.7025 PM,0.01102516,0.6454555,0.3627185,11.49256,10.43158,312.7616
12:45:40.7147 PM,0.01189796,0.642663,0.3620501,11.78683,10.57355,312.728
12:45:40.7252 PM,0.01275328,0.6400173,0.3608047,12.30147,10.75757,312.9301
12:45:40.7358 PM,0.01338227,0.6376625,0.3599196,12.69267,10.89593,313.0344
12:45:40.7475 PM,0.01376395,0.6357568,0.3590941,12.97733,11.02912,313.1711
12:45:40.7586 PM,0.01404751,0.6341488,0.3584562,13.14913,11.13189,313.2545
12:45:40.7692 PM,0.01383883,0.6327714,0.3579641,13.2829,11.09304,313.2867
12:45:40.7819 PM,0.01316598,0.6313099,0.3575326,13.32825,10.90634,313.3334
12:45:40.7926 PM,0.01234744,0.6299507,0.3570008,13.34067,10.57099,313.2946
12:45:40.8027 PM,0.01146207,0.6280256,0.356493,13.55839,10.28702,313.1419
12:45:40.8139 PM,0.01042251,0.626993,0.3559467,13.69922,9.92033,313.0328
12:45:40.8251 PM,0.009329978,0.6256469,0.3554504,13.81582,9.486559,313.0943
12:45:40.8367 PM,0.00868639,0.624429,0.354912,13.94387,8.973871,313.3745
12:45:40.8478 PM,0.008307088,0.6230035,0.3539999,14.14271,8.665376,313.583
12:45:40.8583 PM,0.007980604,0.6215407,0.353245,14.40605,8.490319,313.7792
12:45:40.8689 PM,0.007579509,0.6204984,0.3525612,14.63203,8.382343,313.9906
12:45:40.8806 PM,0.006955896,0.6196969,0.3518167,14.7837,8.348554,314.2374
12:45:40.8912 PM,0.00605366,0.6189589,0.3509239,14.93371,8.141363,314.4445
12:45:40.9033 PM,0.004923623,0.6176373,0.3502846,15.13375,7.832243,314.6855
12:45:40.9144 PM,0.003106456,0.6203123,0.3477184,15.40814,7.514316,314.8629
12:45:40.9250 PM,0.002018627,0.6197505,0.346493,15.84187,7.250911,314.8462
12:45:40.9357 PM,0.001188938,0.6185256,0.3457883,16.14964,7.106462,314.8131
12:45:40.9479 PM,0.0006049983,0.6177239,0.3447466,16.42919,6.921088,314.8479
12:45:40.9589 PM,-0.0005841516,0.6171367,0.3440759,16.64639,6.847143,314.8753
12:45:40.9690 PM,-0.00150026,0.6156399,0.3434705,16.82592,6.744246,314.8035
12:45:40.9807 PM,-0.002053965,0.6140197,0.3423906,17.10421,6.590829,314.5758
12:45:40.9913 PM,-0.002873,0.611793,0.3416058,17.53947,6.52949,314.3633
12:45:41.0035 PM,-0.003773917,0.6097108,0.3410439,18.11065,6.562773,314.3034
12:45:41.0145 PM,-0.004647415,0.6091376,0.3405433,18.53671,6.619532,314.4352
12:45:41.0252 PM,-0.006524671,0.6095432,0.340933,18.55335,6.498245,314.7971
12:45:41.0358 PM,-0.008548815,0.6087032,0.3409688,18.52828,6.279975,314.9109
12:45:41.0475 PM,-0.01043167,0.6072627,0.3410551,18.59892,6.066391,314.6767
12:45:41.0591 PM,-0.01312436,0.606149,0.3413925,18.80511,5.682119,314.235
12:45:41.0692 PM,-0.01651522,0.6063889,0.3417999,18.84308,5.090535,313.8825
12:45:41.0808 PM,-0.01928305,0.6064066,0.3424181,18.67816,4.368995,313.6423
12:45:41.0915 PM,-0.02127224,0.6055167,0.3430119,18.46104,3.682764,313.4406
12:45:41.1037 PM,-0.02275877,0.6041297,0.3432338,18.52154,3.341903,313.5085
12:45:41.1148 PM,-0.02444575,0.6026738,0.3435727,18.74954,3.093939,313.6941
12:45:41.1255 PM,-0.02621303,0.6015044,0.3439592,19.01608,2.903607,314.0197
12:45:41.1356 PM,-0.02814076,0.6010203,0.3441367,19.23177,2.658323,314.4724
12:45:41.1467 PM,-0.03002061,0.6004481,0.3445611,19.34819,2.38266,314.9673
12:45:41.1578 PM,-0.03162389,0.5999391,0.3452348,19.39415,2.103742,315.4778
12:45:41.1689 PM,-0.03272513,0.5992989,0.3456371,19.41879,2.012137,315.9871
12:45:41.1806 PM,-0.03404124,0.5980557,0.34591,19.5327,2.012988,316.1519
12:45:41.1912 PM,-0.03529462,0.5966372,0.3465371,19.66413,2.083457,315.9588
12:45:41.2024 PM,-0.0365247,0.5958374,0.3468884,19.7635,2.181563,315.4524
12:45:41.2145 PM,-0.03818813,0.5947737,0.3476245,19.82653,2.239091,314.9151
12:45:41.2251 PM,-0.03946679,0.5938632,0.3482749,19.732,2.383309,314.3771
12:45:41.2357 PM,-0.04081803,0.5925825,0.3486232,19.74294,2.452619,314.0755
12:45:41.2478 PM,-0.04212749,0.5913781,0.3489438,19.79744,2.472334,313.8633
12:45:41.2590 PM,-0.04350413,0.5891605,0.3498103,19.94777,2.599341,313.768
12:45:41.2691 PM,-0.0454093,0.5889404,0.3507833,19.92249,2.600844,313.8674
12:45:41.2808 PM,-0.04736805,0.5883386,0.3516091,19.70366,2.544096,314.3393
12:45:41.2914 PM,-0.04897177,0.5868518,0.3519121,19.63849,2.427051,314.284
12:45:41.3036 PM,-0.05051811,0.5851651,0.3521283,19.62134,2.316827,314.1988
12:45:41.3137 PM,-0.05214119,0.5831595,0.3524649,19.67694,2.18541,314.0021
12:45:41.3253 PM,-0.05428413,0.5805188,0.3529603,19.92184,2.00473,313.7168
12:45:41.3369 PM,-0.05669941,0.5788223,0.3532712,20.25661,1.786092,313.7332
12:45:41.3476 PM,-0.05943022,0.577931,0.3540387,20.45268,1.488394,314.1988
12:45:41.3587 PM,-0.06232652,0.5774939,0.3547229,20.44004,1.014643,314.7842
12:45:41.3703 PM,-0.06472693,0.577211,0.3551258,20.18254,0.3590574,315.123
12:45:41.3809 PM,-0.06710708,0.5760933,0.3553644,20.13324,0.006750478,315.1272
12:45:41.3925 PM,-0.0690473,0.5747185,0.3552064,20.14769,359.7551,314.7585
12:45:41.4027 PM,-0.07128306,0.5727857,0.35478,20.42886,359.6159,314.2306
12:45:41.4153 PM,-0.07367159,0.571436,0.3547001,20.71975,359.3699,313.9453
12:45:41.4254 PM,-0.07635948,0.5704782,0.354785,20.94014,359.0699,313.9278
12:45:41.4365 PM,-0.0790378,0.5706006,0.3549409,21.00482,358.7813,314.4532
12:45:41.4466 PM,-0.08147471,0.5702326,0.3549303,21.07037,358.4172,314.8514
12:45:41.4588 PM,-0.08456612,0.5701745,0.35484,21.14122,357.9647,315.1762
12:45:41.4704 PM,-0.08760495,0.5709191,0.3546813,21.02466,357.4608,315.4772
12:45:41.4806 PM,-0.08993597,0.5711751,0.3545898,20.93127,357.1222,315.4488
12:45:41.4922 PM,-0.0924688,0.5708812,0.3544533,20.88389,356.8941,315.134
12:45:41.5023 PM,-0.09500991,0.5711067,0.354178,20.86153,356.7202,314.6816
12:45:41.5149 PM,-0.09770918,0.5713283,0.3540545,20.77161,356.5907,314.3195
12:45:41.5255 PM,-0.100455,0.5716214,0.3539316,20.64903,356.4931,314.247
12:45:41.5366 PM,-0.1032355,0.5722297,0.3536044,20.54678,356.3144,314.3936
12:45:41.5467 PM,-0.1060677,0.5726563,0.353125,20.44659,356.1018,314.607
12:45:41.5579 PM,-0.1087315,0.5729604,0.3525949,20.40288,355.9076,314.7881
12:45:41.5690 PM,-0.1116142,0.5730945,0.3520187,20.40321,355.7175,314.8928
12:45:41.5806 PM,-0.1149959,0.572697,0.351345,20.63286,355.6133,315.1211
12:45:41.5912 PM,-0.118723,0.5729331,0.3505712,20.83649,355.3692,315.264
12:45:41.6023 PM,-0.122565,0.5736293,0.34989,20.97213,354.9914,315.3385
12:45:41.6135 PM,-0.1260543,0.5749882,0.3496688,20.96114,354.5863,315.2391
12:45:41.6262 PM,-0.1294745,0.5763811,0.3492696,20.70357,354.2066,314.9031
12:45:41.6358 PM,-0.1322946,0.5775482,0.3487332,20.45412,354.011,314.5562
12:45:41.6469 PM,-0.134881,0.5779116,0.3483136,20.2496,354.0834,314.02
12:45:41.6580 PM,-0.1380866,0.5781615,0.3476452,20.23825,354.0951,313.7077
12:45:41.6691 PM,-0.1411633,0.578575,0.3468808,20.27764,354.0667,313.4673
12:45:41.6817 PM,-0.1445877,0.5785807,0.3461701,20.40116,353.9389,313.351
12:45:41.6914 PM,-0.1480419,0.5791104,0.3454173,20.51406,353.7719,313.3364
12:45:41.7025 PM,-0.1519652,0.579978,0.3445891,20.64858,353.4566,313.6377
12:45:41.7146 PM,-0.1559129,0.5806848,0.3440006,20.66439,353.1027,313.8543
12:45:41.7252 PM,-0.1597118,0.5816777,0.3432197,20.58967,352.6926,313.9271
12:45:41.7369 PM,-0.1635293,0.5822004,0.3425855,20.54426,352.2878,313.867
12:45:41.7475 PM,-0.167734,0.5825514,0.3420612,20.5298,351.8608,313.7452
12:45:41.7586 PM,-0.1718668,0.5829191,0.341492,20.58854,351.3894,313.7152
12:45:41.7692 PM,-0.1755811,0.5833929,0.3411053,20.63024,350.9655,313.721
12:45:41.7809 PM,-0.1793198,0.5841066,0.3405693,20.62756,350.6309,313.6882
12:45:41.7915 PM,-0.1826064,0.5846065,0.3401373,20.54794,350.4325,313.4972
12:45:41.8026 PM,-0.1862317,0.5842596,0.3396033,20.58307,350.284,313.2619
12:45:41.8138 PM,-0.1896289,0.5844259,0.3389847,20.63742,350.1298,313.101
12:45:41.8254 PM,-0.1933193,0.5844323,0.338177,20.73362,349.9657,312.9413
12:45:41.8365 PM,-0.1971765,0.5841605,0.3374996,20.86964,349.751,312.8287
12:45:41.8513 PM,-0.2011319,0.5843165,0.3370574,20.93278,349.4861,312.8055
12:45:41.8599 PM,-0.2052956,0.5843312,0.3365438,20.9567,349.165,312.8255
12:45:41.8690 PM,-0.2095331,0.5848721,0.3364998,20.87461,348.8035,312.7869
12:45:41.8806 PM,-0.214038,0.5854328,0.3362441,20.7114,348.3545,312.7317
12:45:41.8913 PM,-0.2187887,0.5858563,0.3362354,20.53111,347.7499,312.6787
12:45:41.9024 PM,-0.2230327,0.5858897,0.3358892,20.48346,347.2734,312.6259
12:45:41.9135 PM,-0.2273885,0.5857627,0.3354377,20.52847,346.7895,312.5381
12:45:41.9251 PM,-0.2314599,0.5859132,0.3350805,20.58832,346.311,312.3654
12:45:41.9358 PM,-0.2353078,0.5859048,0.3350041,20.63699,345.8967,312.178
12:45:41.9469 PM,-0.2391785,0.5865214,0.3352643,20.57124,345.5915,312.0803
12:45:41.9585 PM,-0.2431221,0.5872419,0.3353125,20.41567,345.2941,312.1025
12:45:41.9691 PM,-0.2470123,0.5877081,0.3353126,20.26649,344.9605,312.1831
12:45:41.9808 PM,-0.2507634,0.5882742,0.3350768,20.16027,344.6097,312.2963
12:45:41.9914 PM,-0.2544986,0.5889054,0.3350137,20.0535,344.2479,312.2977
12:45:42.0025 PM,-0.2578812,0.5894983,0.3350839,19.8875,343.9336,312.2115
12:45:42.0147 PM,-0.2613412,0.5899642,0.3351411,19.74481,343.7102,312.0709
12:45:42.0253 PM,-0.2645624,0.5903097,0.3352847,19.61502,343.6253,311.8794
12:45:42.0369 PM,-0.2678881,0.5908769,0.3354807,19.51778,343.4446,311.6981
12:45:42.0476 PM,-0.2714911,0.5913106,0.3353903,19.39951,343.2341,311.5923
12:45:42.0587 PM,-0.2746867,0.5916629,0.3353651,19.30589,343.0505,311.5452
12:45:42.0703 PM,-0.2779829,0.5916719,0.3353947,19.25361,342.8134,311.5172
12:45:42.0805 PM,-0.2811571,0.5915925,0.335334,19.23937,342.5985,311.5354
12:45:42.0917 PM,-0.2840767,0.59142,0.3352782,19.28636,342.4185,311.6025
12:45:42.1023 PM,-0.2871011,0.5909415,0.3351027,19.41282,342.2306,311.6178
12:45:42.1134 PM,-0.2900734,0.5905911,0.3350935,19.56807,342.0808,311.5275
12:45:42.1250 PM,-0.2931967,0.5907353,0.3349507,19.72662,341.9219,311.3174
12:45:42.1367 PM,-0.296439,0.5909098,0.3348899,19.76621,341.7155,311.2023
12:45:42.1478 PM,-0.299669,0.5914959,0.3350096,19.69947,341.4825,311.0254
12:45:42.1580 PM,-0.3022015,0.5934414,0.3359617,19.09239,341.283,310.3663
12:45:42.1690 PM,-0.3049332,0.5940415,0.3362283,18.85974,341.1692,309.9493
12:45:42.1807 PM,-0.306772,0.5940871,0.3366318,18.52265,341.2919,309.1562
12:45:42.1913 PM,-0.3082424,0.5936638,0.3369485,18.42283,341.3993,308.571
12:45:42.2024 PM,-0.3087723,0.5929227,0.3372418,18.40637,341.6404,307.9047
12:45:42.2135 PM,-0.3087439,0.5919632,0.3372774,18.51318,342.041,307.2809
12:45:42.2251 PM,-0.3083504,0.5913963,0.3375417,18.67098,342.5534,306.8703
12:45:42.2358 PM,-0.3082708,0.5908557,0.3373967,18.82795,343.036,306.8374
12:45:42.2469 PM,-0.3075357,0.5901712,0.3372688,18.9721,343.4803,307.2897
12:45:42.2585 PM,-0.307089,0.5889424,0.3368,19.18941,343.5947,307.468
12:45:42.2691 PM,-0.3061295,0.5878124,0.3366506,19.51203,343.5023,307.8223
12:45:42.2807 PM,-0.3040367,0.5875421,0.3368118,19.89713,343.3458,308.6605
12:45:42.2913 PM,-0.3013269,0.5881157,0.3376289,20.1477,343.2745,310.0594
12:45:42.3035 PM,-0.2961781,0.5897671,0.3391663,19.99458,343.5238,312.054
12:45:42.3136 PM,-0.2906939,0.5903724,0.3404162,19.83912,344.1062,312.8503
12:45:42.3252 PM,-0.2849572,0.5911653,0.3412559,19.66061,344.9796,312.9448
12:45:42.3369 PM,-0.2790838,0.5917662,0.3423424,19.41174,346.0178,312.5037
12:45:42.3475 PM,-0.2727257,0.592921,0.3431089,18.92197,347.3947,311.5744
12:45:42.3596 PM,-0.2664557,0.5937405,0.3438335,18.50915,348.5644,311.3073
12:45:42.3693 PM,-0.2597503,0.5944214,0.3446344,18.12792,349.7859,311.2303
12:45:42.3809 PM,-0.2532638,0.5949142,0.3452447,17.83785,350.9776,311.3524
12:45:42.3915 PM,-0.2464673,0.5956807,0.3457894,17.59488,352.0832,311.5678
12:45:42.4037 PM,-0.2405094,0.5955809,0.3460604,17.47038,353.3087,312.2049
12:45:42.4154 PM,-0.2354716,0.5956364,0.346426,17.54655,354.352,312.5379
12:45:42.4250 PM,-0.2317037,0.5949163,0.3462462,17.70115,355.0672,312.3563
12:45:42.4369 PM,-0.2279352,0.5942602,0.3465252,17.99032,355.4743,311.8352
12:45:42.4480 PM,-0.2260807,0.594765,0.3469032,18.32182,355.2024,311.4638
12:45:42.4586 PM,-0.2233016,0.5952797,0.3479438,18.38051,355.1565,311.7693
12:45:42.4693 PM,-0.2204863,0.5955558,0.3485737,18.40331,355.1119,312.3181
12:45:42.4809 PM,-0.2174459,0.5954413,0.3490357,18.43459,355.2702,312.6484
12:45:42.4916 PM,-0.2153733,0.595344,0.349699,18.51402,355.1827,313.1225
12:45:42.5037 PM,-0.2123756,0.5928239,0.3497513,19.01626,355.1564,313.5885
12:45:42.5134 PM,-0.2098462,0.5905653,0.3493811,19.68108,355.3114,314.4189
12:45:42.5255 PM,-0.2067514,0.5887123,0.3489068,20.35459,355.5812,315.1692
12:45:42.5359 PM,-0.2036776,0.5865613,0.3485208,20.92694,355.8808,315.7539
12:45:42.5476 PM,-0.2002217,0.5838523,0.3475254,21.82902,356.3219,316.261
12:45:42.5587 PM,-0.1982018,0.5844294,0.3473816,22.69561,356.9752,316.6783
12:45:42.5694 PM,-0.1975084,0.58592,0.3479294,22.74384,357.2796,317.1728
12:45:42.5805 PM,-0.1977548,0.588725,0.3496436,21.7481,357.1277,317.2766
12:45:42.5912 PM,-0.1976953,0.5892518,0.3501386,21.07735,356.96,317.1128
12:45:42.6023 PM,-0.1969074,0.5890476,0.3505557,20.60382,356.8739,316.6498
12:45:42.6150 PM,-0.1966296,0.5875147,0.3500412,20.61902,356.6768,315.942
12:45:42.6251 PM,-0.1964792,0.5915154,0.3483946,20.74407,356.7613,315.7341
12:45:42.6357 PM,-0.196653,0.5919356,0.3485133,20.82511,356.6337,315.8405
12:45:42.6469 PM,-0.1971712,0.5927418,0.3488902,20.82199,356.5805,315.8909
12:45:42.6579 PM,-0.1971931,0.5930706,0.3490515,20.84055,356.6136,315.9366
12:45:42.6691 PM,-0.1985593,0.5931803,0.3490839,20.9216,356.6503,316.0735
12:45:42.6808 PM,-0.2007092,0.5940587,0.3496286,21.01525,356.2475,316.1277
12:45:42.6914 PM,-0.2028649,0.5948298,0.3503426,20.84646,355.6319,316.2406
12:45:42.7025 PM,-0.2050345,0.5965835,0.3510242,20.57059,355.1124,316.3756
12:45:42.7136 PM,-0.207331,0.5983036,0.3513736,20.20456,354.5379,316.4681
12:45:42.7253 PM,-0.2082118,0.6018393,0.3503238,19.89307,353.9749,316.5668
12:45:42.7365 PM,-0.2105203,0.6022822,0.3502117,19.76251,353.6351,316.5905
12:45:42.7476 PM,-0.212615,0.6032548,0.3497144,19.70449,353.3122,316.5135
12:45:42.7587 PM,-0.2159287,0.6034542,0.349589,19.86031,352.8817,316.1103
12:45:42.7694 PM,-0.2196599,0.6040975,0.3493097,19.91836,352.4236,315.8177
12:45:42.7805 PM,-0.2265496,0.6035659,0.3490241,20.29079,351.34,315.1501
12:45:42.7912 PM,-0.2326028,0.604292,0.349084,20.44597,350.2675,315.0294
12:45:42.8023 PM,-0.2398099,0.6057251,0.34869,20.46923,348.8836,315.3428
12:45:42.8150 PM,-0.2468471,0.6064585,0.3484016,20.43504,347.1006,316.4417
12:45:42.8256 PM,-0.2531631,0.6060433,0.3477746,20.56079,345.7925,317.1018
12:45:42.8357 PM,-0.2593779,0.6056642,0.346807,20.86978,344.5591,317.4499
12:45:42.8479 PM,-0.2660089,0.605138,0.3461579,21.10843,343.4606,317.6202
12:45:42.8585 PM,-0.272828,0.6049647,0.3456048,21.49622,342.2323,317.3875
12:45:42.8692 PM,-0.2786235,0.6052701,0.3446492,21.68255,341.1909,316.956
12:45:42.8808 PM,-0.2840706,0.6048031,0.3440204,21.85831,340.3357,316.1364
12:45:42.8925 PM,-0.2890092,0.6042985,0.3436644,22.00742,339.8123,315.0557
12:45:42.9036 PM,-0.2936901,0.6040606,0.3431742,22.1911,339.5525,314.0376
12:45:42.9148 PM,-0.2987866,0.6034445,0.3425539,22.35287,339.1489,313.2155
12:45:42.9254 PM,-0.303173,0.6027017,0.3424129,22.44444,339.1403,312.5797
12:45:42.9355 PM,-0.3069939,0.601891,0.3422737,22.51822,339.3555,312.7662
12:45:42.9467 PM,-0.3097334,0.5999209,0.3421254,22.75368,339.7652,312.6776
12:45:42.9578 PM,-0.3133178,0.5985423,0.3418981,23.11331,340.1669,312.2635
12:45:42.9699 PM,-0.3171959,0.5981065,0.3414956,23.25192,340.2096,312.071
12:45:42.9805 PM,-0.3206213,0.5974029,0.3416111,23.3727,340.2511,312.0491
12:45:42.9922 PM,-0.3245912,0.5964941,0.3415768,23.54061,340.2486,312.1363
12:45:43.0024 PM,-0.3281934,0.59584,0.3411755,23.66901,340.2052,312.1772
12:45:43.0135 PM,-0.331514,0.5947236,0.3412427,23.86975,340.1917,311.9315
12:45:43.0251 PM,-0.3353094,0.5927778,0.3408392,24.18863,340.1743,311.3277
12:45:43.0367 PM,-0.3394346,0.5918196,0.3402809,24.54589,340.0714,310.5862
12:45:43.0479 PM,-0.34428,0.5909957,0.3398238,24.80282,339.7349,309.9804
12:45:43.0585 PM,-0.3489179,0.5901462,0.3395647,24.96988,339.0628,309.9542
12:45:43.0691 PM,-0.3527803,0.5896471,0.3394908,25.12566,338.5761,310.2053
12:45:43.0818 PM,-0.356361,0.588571,0.3393756,25.26071,338.0848,310.4749
12:45:43.0915 PM,-0.3579907,0.5869243,0.3398034,25.41035,337.9888,310.1578
12:45:43.1026 PM,-0.3603497,0.5857512,0.3397518,25.62078,338.0855,309.6107
12:45:43.1138 PM,-0.3629897,0.58506,0.3402209,25.72859,338.2644,309.1981
12:45:43.1254 PM,-0.3656189,0.5843547,0.3405478,25.8218,338.2804,308.9543
12:45:43.1366 PM,-0.3683605,0.5839929,0.3409358,25.8787,338.2748,308.8234
12:45:43.1467 PM,-0.371299,0.5856391,0.3422671,25.21697,338.5457,309.9225
12:45:43.1578 PM,-0.3741502,0.5851976,0.342676,25.09114,338.3354,309.9945
12:45:43.1690 PM,-0.3761313,0.5846344,0.3431296,24.80508,337.9284,310.065
12:45:43.1806 PM,-0.3776492,0.5840315,0.3436982,24.75685,337.9437,310.0988
12:45:43.1912 PM,-0.3785666,0.5833233,0.3446138,24.81764,338.1456,310.1919
12:45:43.2024 PM,-0.3792242,0.5834539,0.345458,24.73869,338.4479,310.7542
12:45:43.2135 PM,-0.3801364,0.5837281,0.3461686,24.64069,338.7298,311.0985
12:45:43.2251 PM,-0.3811932,0.5839974,0.3469896,24.48289,338.9493,311.2474
12:45:43.2368 PM,-0.382051,0.5842791,0.3476752,24.3358,339.1087,311.326
12:45:43.2474 PM,-0.3831306,0.5842475,0.347904,24.15598,339.3004,311.1277
12:45:43.2585 PM,-0.3856209,0.58373,0.3474658,24.238,339.1107,310.0088
12:45:43.2702 PM,-0.3875257,0.5839858,0.3476212,24.19949,338.9355,309.7302
12:45:43.2809 PM,-0.3900412,0.5847556,0.3476929,24.10695,338.4054,309.6938
12:45:43.2925 PM,-0.3915599,0.5858109,0.3480725,23.89469,337.6967,310.3255
12:45:43.3037 PM,-0.3926153,0.586251,0.348359,23.76333,337.2714,310.7467
12:45:43.3158 PM,-0.3919784,0.586935,0.3491414,23.60852,337.1222,311.0114
12:45:43.3255 PM,-0.3913059,0.5872986,0.349741,23.50514,337.2374,311.1018
12:45:43.3367 PM,-0.3906057,0.5878081,0.3503921,23.395,337.3559,311.1757
12:45:43.3478 PM,-0.388469,0.5882052,0.3510562,23.32355,338.2769,311.123
12:45:43.3589 PM,-0.3871402,0.5888749,0.3514377,23.24752,338.9654,311.0448
12:45:43.3700 PM,-0.3863305,0.5894964,0.3516093,23.16143,339.3872,311.0214
12:45:43.3817 PM,-0.3861262,0.5911065,0.3516528,23.06491,339.9358,310.9322
12:45:43.4799 PM,-0.3862767,0.5930389,0.351672,22.83151,339.9785,311.1541
12:45:43.4936 PM,-0.3858285,0.5942464,0.3517115,22.6315,340.0302,311.3307
12:45:43.5017 PM,-0.3793097,0.6048672,0.3523593,21.84811,340.8735,312.3485
12:45:43.5144 PM,-0.3769791,0.6111683,0.3511308,21.37262,341.3763,312.6334
12:45:43.5256 PM,-0.3760999,0.6120932,0.3519343,21.25841,341.521,312.3749
12:45:43.5428 PM,-0.3775523,0.6135074,0.3507743,21.21113,341.4272,312.0957
12:45:43.5489 PM,-0.3795302,0.61535,0.3504771,21.14582,341.2368,312.0564
12:45:43.5585 PM,-0.3799467,0.6172289,0.349941,21.35516,340.8974,312.1304
12:45:43.5702 PM,-0.3801982,0.6205568,0.350537,20.9364,340.579,312.9089
12:45:43.5818 PM,-0.3794707,0.6226795,0.3505283,20.73079,340.2084,313.5486
12:45:43.5925 PM,-0.3777265,0.6243144,0.3505808,20.55394,340.2035,313.6598
12:45:43.6047 PM,-0.3758293,0.6258357,0.3507951,20.47884,340.5125,313.4533
12:45:43.6138 PM,-0.374476,0.6283796,0.3511412,20.35849,340.8573,313.3821
12:45:43.6250 PM,-0.3736353,0.6310993,0.3515796,20.10448,341.2321,313.4962
12:45:43.6356 PM,-0.3728386,0.6342357,0.3518814,19.75284,341.588,313.7855
12:45:43.6478 PM,-0.3714752,0.6418905,0.3501299,19.43341,341.9132,314.117
12:45:43.6579 PM,-0.3710768,0.6461698,0.3499818,19.14688,342.187,314.4241
12:45:43.6690 PM,-0.3708459,0.6496525,0.3501228,18.78865,342.3389,314.5925
12:45:43.6806 PM,-0.3709169,0.6528009,0.3503899,18.46612,342.4367,314.5253
12:45:43.6912 PM,-0.3710018,0.6564173,0.3506145,18.08322,342.4231,314.3792
12:45:43.7034 PM,-0.3708211,0.6603962,0.3509093,17.69132,342.4924,314.3383
12:45:43.7150 PM,-0.3709639,0.6638687,0.351061,17.21898,342.5065,314.2935
12:45:43.7251 PM,-0.3709992,0.6679499,0.3513711,16.77113,342.4203,314.3608
12:45:43.7367 PM,-0.3709137,0.6720949,0.3514513,16.3617,342.4388,314.4528
12:45:43.7468 PM,-0.3709519,0.6762547,0.3516695,15.89355,342.3814,314.694
12:45:43.7579 PM,-0.3702893,0.6783647,0.3515477,15.8806,342.4846,315.1271
12:45:43.7690 PM,-0.3699787,0.6853865,0.3518067,14.82677,342.3388,315.2722
12:45:43.7807 PM,-0.3673074,0.6917291,0.3506502,14.26726,342.4601,315.2578
12:45:43.7913 PM,-0.3664803,0.6962945,0.3501026,13.82967,342.5129,315.1281
12:45:43.8035 PM,-0.3663574,0.7004268,0.3500009,13.43657,342.5474,315.0106
12:45:43.8136 PM,-0.3660624,0.7044684,0.3497402,13.01517,342.5797,314.9101
12:45:43.8252 PM,-0.3660992,0.7080665,0.3496378,12.65489,342.5854,314.9143
12:45:43.8358 PM,-0.3660038,0.7120497,0.349591,12.31198,342.5857,314.965
12:45:43.8470 PM,-0.3660583,0.7150045,0.3496453,12.08378,342.635,314.9244
12:45:43.8586 PM,-0.3660592,0.7184108,0.3497269,11.79315,342.7113,314.8385
12:45:43.8692 PM,-0.3668508,0.7224324,0.3493759,11.62064,342.7447,314.6261
12:45:43.8809 PM,-0.3681537,0.7265102,0.3491138,11.28167,342.6515,314.6436
12:45:43.8915 PM,-0.3692052,0.7309513,0.3490225,10.7802,342.4224,314.6574
12:45:43.9037 PM,-0.3698294,0.7352205,0.3487629,10.27884,342.2756,314.5683
12:45:43.9188 PM,-0.370702,0.7388396,0.3485912,9.813609,342.1644,314.4759
12:45:43.9249 PM,-0.3715839,0.7427213,0.348251,9.371115,342.0952,314.3792
12:45:43.9356 PM,-0.3721567,0.7452033,0.3479341,9.058119,342.0926,313.9754
12:45:43.9477 PM,-0.3731046,0.7509663,0.3464089,8.855448,341.9562,313.7393
12:45:43.9700 PM,-0.3753686,0.7580422,0.3452206,8.366887,341.6685,313.7955
12:45:43.9808 PM,-0.3782954,0.7596071,0.3444186,8.530674,341.0558,314.9919
12:45:43.9914 PM,-0.3796969,0.76196,0.3441297,8.493357,340.6847,315.1323
12:45:44.0036 PM,-0.3805625,0.7648553,0.3436311,8.427221,340.4305,315.0599
12:45:44.0147 PM,-0.3811414,0.7677512,0.3434512,8.304891,340.3352,314.929
12:45:44.0254 PM,-0.3813238,0.7718808,0.3430218,8.140457,340.408,314.7286
12:45:44.0365 PM,-0.3815129,0.774906,0.3427248,7.956282,340.6506,314.1787
12:45:44.0487 PM,-0.3823092,0.7778581,0.3423903,7.711744,340.8585,313.3216
12:45:44.0588 PM,-0.3838181,0.7817145,0.3420907,7.151878,340.9271,312.4117
12:45:44.0690 PM,-0.3850128,0.7850788,0.3416443,6.773987,340.8781,312.0755
12:45:44.0807 PM,-0.3858863,0.787939,0.3418652,6.261605,340.7753,312.0017
12:45:44.0913 PM,-0.386446,0.7918029,0.341684,5.914905,340.7511,311.8635
12:45:44.1024 PM,-0.3869125,0.7953078,0.3415925,5.53106,340.8412,311.9626
12:45:44.1135 PM,-0.3878385,0.7981424,0.3419424,5.18245,340.9408,312.0138
12:45:44.1251 PM,-0.3888291,0.8004605,0.3421529,4.939871,340.9883,311.9911
12:45:44.1367 PM,-0.3900199,0.8030147,0.3419474,4.815935,340.858,312.1162
12:45:44.1468 PM,-0.390889,0.8057578,0.341332,4.769985,340.5847,312.5464
12:45:44.1580 PM,-0.3915395,0.8082305,0.3411486,4.808695,340.27,313.2226
12:45:44.1701 PM,-0.3916744,0.8109238,0.3411336,4.844774,340.0576,313.803
12:45:44.1807 PM,-0.3911324,0.8135427,0.3414519,4.803183,340.0127,314.0638
12:45:44.1913 PM,-0.3903648,0.8162332,0.3418077,4.640032,340.1778,314.0347
12:45:44.2035 PM,-0.3895988,0.8193369,0.3420574,4.395537,340.4605,313.8339
12:45:44.2136 PM,-0.3892103,0.8219455,0.3422545,4.118716,340.7828,313.3883
12:45:44.2253 PM,-0.3890707,0.8248937,0.3423297,3.812829,340.9034,313.1289
12:45:44.2359 PM,-0.3887836,0.8281856,0.3423637,3.480603,340.9417,313.0854
12:45:44.2476 PM,-0.3883026,0.8306749,0.3427961,3.151105,341.0043,313.1439
12:45:44.2586 PM,-0.3877233,0.833358,0.343144,2.896067,341.1449,313.1257
12:45:44.2688 PM,-0.3870622,0.8361559,0.3431656,2.645502,341.2428,313.0887
12:45:44.2810 PM,-0.3867757,0.8386311,0.343385,2.387006,341.2733,313.1073
12:45:44.2967 PM,-0.3861309,0.8409303,0.3437125,2.221885,341.3121,313.2526
12:45:44.3032 PM,-0.3850795,0.8436064,0.3437815,2.085917,341.3824,313.3833
12:45:44.3143 PM,-0.3841135,0.8459471,0.3441633,1.974829,341.4764,313.4886
12:45:44.3249 PM,-0.3829303,0.8487874,0.3446365,1.808566,341.6868,313.4944
12:45:44.3355 PM,-0.3820595,0.8524591,0.3445819,1.471728,341.895,313.5131
12:45:44.3477 PM,-0.3810867,0.8557419,0.344801,1.039233,341.9909,313.4237
12:45:44.3578 PM,-0.3799292,0.8584135,0.3451158,0.6496384,342.0686,313.226
12:45:44.3689 PM,-0.3781173,0.8613501,0.3452687,0.3408417,342.2064,312.9724
12:45:44.3806 PM,-0.376427,0.863709,0.3459284,0.1173513,342.5109,312.8286
12:45:44.3907 PM,-0.3749226,0.8663067,0.346367,359.854,342.8308,312.8571
12:45:44.4018 PM,-0.3730576,0.8691387,0.3464187,359.5655,343.1689,312.8509
12:45:44.4134 PM,-0.3720206,0.8706806,0.3470338,359.3979,343.4174,312.6596
12:45:44.4235 PM,-0.3710839,0.8722747,0.3474875,359.3902,343.5302,312.2361
12:45:44.4357 PM,-0.3700503,0.8745198,0.3476948,359.3273,343.6175,312.1884
12:45:44.4469 PM,-0.3692704,0.8767205,0.34831,359.2398,343.6978,312.3944
12:45:44.4569 PM,-0.3682081,0.8793069,0.3487468,359.1034,343.7621,312.6507
12:45:44.4690 PM,-0.3669744,0.8816916,0.3489755,358.9395,343.9042,312.6439
12:45:44.4801 PM,-0.3656203,0.8841755,0.34982,358.6516,343.9471,312.6631
12:45:44.4907 PM,-0.3644657,0.8861589,0.3504829,358.3922,344.1084,312.5061
12:45:44.5013 PM,-0.3633699,0.8876322,0.351144,358.2593,344.3328,312.2214
12:45:44.5124 PM,-0.3624081,0.8896278,0.3517586,358.1337,344.4869,312.1254
12:45:44.5235 PM,-0.362491,0.8917139,0.352236,358.0681,344.5561,312.3882
12:45:44.5352 PM,-0.3628819,0.8941311,0.352599,357.9041,344.3778,312.8492
12:45:44.5458 PM,-0.3629835,0.8960417,0.3531249,357.736,344.3151,313.0119
12:45:44.5570 PM,-0.3637613,0.8975089,0.3538173,357.6401,343.9238,313.1429
12:45:44.5696 PM,-0.3641869,0.8993307,0.3542289,357.5878,343.655,313.3202
12:45:44.5797 PM,-0.3647574,0.900993,0.3547078,357.507,343.4763,313.535
12:45:44.5899 PM,-0.3652409,0.9027489,0.3552529,357.5213,343.1953,313.981
12:45:44.6011 PM,-0.3663796,0.9042635,0.3555722,357.4516,342.9278,314.1185
12:45:44.6122 PM,-0.3673331,0.9059926,0.3560425,357.3657,342.6887,314.2692
12:45:44.6233 PM,-0.3688077,0.9075992,0.3563489,357.3092,342.3494,314.4684
12:45:44.6355 PM,-0.3709926,0.9095228,0.3566229,357.2718,341.8773,314.9796
12:45:44.6456 PM,-0.3729334,0.9117073,0.3565422,357.1424,341.3945,315.5415
12:45:44.6638 PM,-0.3750969,0.9131525,0.356607,357.0434,340.8885,315.9145
12:45:44.6704 PM,-0.3769714,0.9147537,0.3565716,356.9575,340.3657,315.9725
12:45:44.6801 PM,-0.3787458,0.9160703,0.3566448,356.8339,339.8112,315.7728
12:45:44.6907 PM,-0.3804818,0.9170406,0.3567378,356.807,339.4166,315.946
12:45:44.7024 PM,-0.3818578,0.9184245,0.3568181,356.8367,339.088,316.2347
12:45:44.7135 PM,-0.3833244,0.9197285,0.3567863,356.817,338.7476,316.5005
12:45:44.7237 PM,-0.3841925,0.9210839,0.3567179,356.7669,338.5533,316.7818
12:45:44.7343 PM,-0.3849103,0.9223045,0.3567689,356.6702,338.4279,316.8918
12:45:44.7454 PM,-0.3852582,0.9230355,0.3567332,356.5005,338.4305,316.6302
12:45:44.7566 PM,-0.385319,0.923862,0.3566478,356.3694,338.4175,316.2544
12:45:44.7677 PM,-0.3853128,0.9248095,0.3565787,356.2502,338.3739,315.9725
12:45:44.7789 PM,-0.3839895,0.9256528,0.3564304,356.0992,338.7473,315.1953
12:45:44.7906 PM,-0.3834634,0.9264674,0.3562782,355.9867,338.8784,314.8216
12:45:44.8012 PM,-0.3814682,0.9281458,0.3561652,355.6854,339.3587,314.2728
12:45:44.8123 PM,-0.3794104,0.9289618,0.3558712,355.3418,340.0813,313.4036
12:45:44.8234 PM,-0.3778597,0.9294373,0.3553556,355.0875,340.5494,312.7159
12:45:44.8356 PM,-0.3762504,0.9296031,0.3550473,354.9615,340.9658,312.2358
12:45:44.8458 PM,-0.374392,0.9294795,0.3546559,355.0135,341.407,312.1516
12:45:44.8569 PM,-0.3724561,0.9298298,0.3541759,355.0387,341.774,312.0802
12:45:44.8685 PM,-0.3704312,0.9301069,0.353708,355.0754,342.0805,312.0379
12:45:44.8802 PM,-0.3681594,0.9306021,0.3531801,355.0897,342.3913,311.9724
12:45:44.8908 PM,-0.3659772,0.931219,0.3527539,355.1582,342.7014,312.1316
12:45:44.9010 PM,-0.36382,0.9316332,0.3523397,355.1294,342.9658,312.0242
12:45:44.9131 PM,-0.3613994,0.932117,0.3516958,355.091,343.2328,311.8566
12:45:44.9233 PM,-0.35816,0.9327052,0.351374,354.9785,343.5621,311.3679
12:45:44.9354 PM,-0.3549511,0.933471,0.3511082,354.6904,344.038,310.6882
12:45:44.9466 PM,-0.3517191,0.9341367,0.3509831,354.4989,344.4878,310.3135
12:45:44.9577 PM,-0.3489635,0.9348292,0.3505338,354.3693,344.8936,310.1779
12:45:44.9678 PM,-0.3462402,0.9353374,0.3502936,354.1941,345.184,310.2375
12:45:44.9799 PM,-0.3431594,0.9354959,0.3499975,354.0822,345.4307,310.2708
12:45:44.9906 PM,-0.3398134,0.9345424,0.3497982,354.2058,345.6718,310.0662
12:45:45.0013 PM,-0.3365519,0.9336984,0.3497043,354.3831,345.9282,309.7574
12:45:45.0123 PM,-0.3330197,0.9335011,0.3495571,354.5941,346.2281,309.6452
12:45:45.0235 PM,-0.3289766,0.9333955,0.3493426,354.7992,346.6146,309.8242
12:45:45.0357 PM,-0.3246161,0.9329412,0.3494399,354.895,347.0735,309.7381
12:45:45.0469 PM,-0.3205092,0.9324749,0.34936,354.9932,347.5756,309.5773
12:45:45.0574 PM,-0.3165064,0.9323583,0.3492215,355.0549,348.0758,309.5782
12:45:45.0696 PM,-0.3128307,0.9325074,0.3492498,354.9974,348.5257,309.7602
12:45:45.0798 PM,-0.3088508,0.9324729,0.3493834,354.9096,348.906,310.0651
12:45:45.0899 PM,-0.3048588,0.9322363,0.3494214,354.8861,349.2772,310.1508
12:45:45.1020 PM,-0.3006317,0.9319761,0.3496371,354.8635,349.6959,310.1299
12:45:45.1131 PM,-0.2965695,0.9318117,0.3497687,354.8233,350.1683,309.9459
12:45:45.1233 PM,-0.2929191,0.9313156,0.3499339,354.7948,350.6314,309.653
12:45:45.1344 PM,-0.2891856,0.9312099,0.3502679,354.7742,351.064,309.3274
12:45:45.1466 PM,-0.2863708,0.9316508,0.3504537,354.7689,351.3505,309.4199
12:45:45.1577 PM,-0.2830651,0.9323239,0.3505717,354.7595,351.6582,309.5358
12:45:45.1678 PM,-0.2800435,0.9343553,0.3507504,354.4652,351.6917,310.0513
12:45:45.1799 PM,-0.276945,0.935403,0.3508619,354.2526,351.8973,310.1824
12:45:45.1906 PM,-0.2733099,0.9364097,0.3514192,353.7477,352.1631,309.9006
12:45:45.2012 PM,-0.2702023,0.9373096,0.3518042,353.5307,352.5149,309.5803
12:45:45.2123 PM,-0.2665895,0.9415352,0.3492395,353.2995,352.8181,309.3865
12:45:45.2234 PM,-0.2638637,0.9432626,0.3490005,353.0957,353.0733,309.1555
12:45:45.2350 PM,-0.261088,0.9443449,0.3492002,353.008,353.2759,309.1119
12:45:45.2457 PM,-0.2584337,0.9456069,0.3493866,352.9448,353.4572,309.2839
12:45:45.2578 PM,-0.2563323,0.9467095,0.3494987,352.9292,353.5309,309.924
12:45:45.2679 PM,-0.2534246,0.9477956,0.3495518,352.8316,353.6806,310.1198
12:45:45.2801 PM,-0.2506027,0.9482992,0.3497143,352.802,353.8503,310.1854
12:45:45.2907 PM,-0.2476123,0.9491018,0.3497572,352.7733,354.0862,310.222
12:45:45.3014 PM,-0.2447402,0.949891,0.3499019,352.7779,354.3469,310.2173
12:45:45.3121 PM,-0.2403086,0.9515234,0.3481829,352.7688,354.632,309.9465
